{
  "conversions" : [{
      "id" : "524",
      "description" : "Print preview",
      "resultType" : "HTML",
      "basic" : true
    }, {
      "id" : "565",
      "description" : "MS Excel (full export)",
      "resultType" : "ODS",
      "basic" : true
    }, {
      "id" : "558",
      "description" : "MS Excel (UNFCCC BR)",
      "resultType" : "ODS",
      "basic" : true
    }
  ],
  "created" : "27 Sep 2017 08:39:16",
  "updated" : "27 Sep 2017 08:39:16",
  "downloaded" : "27 Sep 2017 09:02:49",
  "localFile" : true,
  "downloadLink" : "/download/user_file?fileId=51778",
  "deleteLink" : "/remove/files?selectedUserFile=51778",
  "conversionLink" : "/download/convert?fileId=51778&conversionId=",
  "size" : "3 KB"
}
