<?xml version="1.0" encoding="UTF-8"?>
<NEC_PAMs>
	<NEC_PAM>
		<id>1</id>
		<Title></Title>
		<TitleLocal></TitleLocal>
		<Table1>
			<isGroup>single</isGroup>
			<PolicyGroup></PolicyGroup>
			<Sectors></Sectors>
			<Pollutants></Pollutants>
			<Objective></Objective>
			<ObjectiveQuantified></ObjectiveQuantified>
			<Description></Description>
			<PolicyInstruments></PolicyInstruments>
			<UnionPolicy></UnionPolicy>
			<UnionPolicyRelated>no</UnionPolicyRelated>
			<Implementation>
				<Status></Status>
				<Start></Start>
				<Finish></Finish>
			</Implementation>
			<ProjectionsScenario>
				<Type></Type>
			</ProjectionsScenario>
			<Entities>
				<Type></Type>
				<Name></Name>
			</Entities>
			<Indicators>
				<Description></Description>
				<Unit></Unit>
				<Year1></Year1>
				<Value1></Value1>
				<Year2></Year2>
				<Value2></Value2>
				<Year3></Year3>
				<Value3></Value3>
				<Year4></Year4>
				<Value4></Value4>
			</Indicators>
			<Reference>
				<Text></Text>
				<Url></Url>
			</Reference>
			<Comments></Comments>
			<Agriculture>
				<AgriculturalRelated>no</AgriculturalRelated>
				<MeasuresControlAmmoniaEmissions>no</MeasuresControlAmmoniaEmissions>
				<AmmoniaEmissions></AmmoniaEmissions>
				<AmmoniaEmissionsPage></AmmoniaEmissionsPage>
				<AmmoniaEmissionsExactly>yes</AmmoniaEmissionsExactly>
				<AmmoniaEmissionsExactlyReason></AmmoniaEmissionsExactlyReason>
				<NationalNitrogenBudgetPage></NationalNitrogenBudgetPage>
				<NationalNitrogenBudgetExactly>yes</NationalNitrogenBudgetExactly>
				<NationalNitrogenBudgetExactlyReason></NationalNitrogenBudgetExactlyReason>
				<AmmoniumCarbonateFertilisers></AmmoniumCarbonateFertilisers>
				<AmmoniumCarbonateFertilisersPage></AmmoniumCarbonateFertilisersPage>
				<AmmoniumCarbonateFertilisersExactly>yes</AmmoniumCarbonateFertilisersExactly>
				<AmmoniumCarbonateFertilisersExactlyReason></AmmoniumCarbonateFertilisersExactlyReason>
				<AmmoniaEmissionsLivestock></AmmoniaEmissionsLivestock>
				<AmmoniaEmissionsLivestockPage></AmmoniaEmissionsLivestockPage>
				<AmmoniaEmissionsLivestockExactly>yes</AmmoniaEmissionsLivestockExactly>
				<AmmoniaEmissionsLivestockExactlyReason></AmmoniaEmissionsLivestockExactlyReason>
				<FineParticulateMatterEmissions>no</FineParticulateMatterEmissions>
				<OpenFieldBurning></OpenFieldBurning>
				<OpenFieldBurningPage></OpenFieldBurningPage>
				<OpenFieldBurningExactly>yes</OpenFieldBurningExactly>
				<OpenFieldBurningExactlyReason></OpenFieldBurningExactlyReason>
				<NationalAdvisoryCodePage></NationalAdvisoryCodePage>
				<NationalAdvisoryCodeExactly>yes</NationalAdvisoryCodeExactly>
				<NationalAdvisoryCodeExactlyReason></NationalAdvisoryCodeExactlyReason>
				<PreventingImpactsSmallFarms>no</PreventingImpactsSmallFarms>
				<ExemptSmallMicroFarmsPage></ExemptSmallMicroFarmsPage>
				<ExemptSmallMicroFarmsPageExactly>yes</ExemptSmallMicroFarmsPageExactly>
				<ExemptSmallMicroFarmsPageExactlyReason></ExemptSmallMicroFarmsPageExactlyReason>
			</Agriculture>
			<PolicyImpact></PolicyImpact>
			<ExanteEmissions1>
				<EU_ETS></EU_ETS>
				<ESD></ESD>
				<Total></Total>
			</ExanteEmissions1>
			<ExanteEmissions2>
				<EU_ETS></EU_ETS>
				<ESD></ESD>
				<Total></Total>
			</ExanteEmissions2>
			<ExanteEmissions3>
				<EU_ETS></EU_ETS>
				<ESD></ESD>
				<Total></Total>
			</ExanteEmissions3>
			<ExanteEmissions4>
				<EU_ETS></EU_ETS>
				<ESD></ESD>
				<Total></Total>
			</ExanteEmissions4>
			<ExanteDocumentation>
				<Reference></Reference>
				<Weblink></Weblink>
			</ExanteDocumentation>
			<Expost>
				<Year></Year>
				<Average></Average>
			</Expost>
			<BasisExplanation></BasisExplanation>
			<AffectedFactors></AffectedFactors>
			<ExpostDocumentation>
				<Reference></Reference>
				<Weblink></Weblink>
			</ExpostDocumentation>
		</Table1>
	</NEC_PAM>
</NEC_PAMs>
