{
  "Labels": {
    "Webform": {
      "CreatePam": "Create new PAM",
      "Title": "Monitoring Mechanism Regulation",
      "TitlePlaceholder": "Enter Title",
      "Annex": "BIJLAGE XI",
      "Add": "Add",
      "AddPam": "Add PAM",
      "Loading": "Loading...",
      "Complete": "Complete PAM/Group"
    },
    "Overview": {
      "Group": "Policy/measure, or groups of measures",
      "Title": "Title",
      "Table1": "Tabel 1: Sectoren en gassen voor de rapportage van beleidsinitiatieven en maatregelen en groepen van maatregelen, en type beleidsinstrument",
      "Table2": "Tabel 2: Beschikbare resultaten van beoordelingen vooraf en achteraf van de effecten van een beleidsinitiatief of maatregel, of groepen van beleidsinitiatieven of maatregelen betreffende matiging van de klimaatverandering ",
      "Table3": "Tabel 3: Beschikbare verwachte en werkelijke kosten en baten van een beleidsinitiatief of maatregel, of groepen van beleidsinitiatieven of maatregelen, betreffende matiging van de klimaatverandering",
      "new_table": "Create Table",
      "edit_table": "Edit Table",
      "delete_pam": "Delete"
    },
    "Table1": {
      "Title": "Title for this PAM/Group",
      "isGroup": {
        "label": "Is this a single policy/measure or a group of policies or measures?",
        "placeholder": "teeest",
        "list": {
          "single": "Single",
          "group": "Group"
        }
      },
      "PolicyGroup": {
        "label": "Which policies or measures does it cover?"
      },
      "Sectors": {
        "label": "Betrokken sector(en):",
        "placeholder": "Select Sector(s)",
        "list": {
          "Energy_Supply": "Energievoorziening (omvat de winning, het vervoer, de distributie en de opslag van brandstoffen, alsmede de productie van energie en elektriciteit)",
          "Energy_Consumption": "Energieverbruik (omvat het verbruik van brandstoffen en elektriciteit door eindverbruikers zoals huishoudens, diensten, industrie en landbouw)",
          "Transport": "Vervoer",
          "Industrial_Processes": "Industriële processen (omvat industriële activiteiten die materialen chemisch of fysisch transformeren en aanleiding geven tot broeikasgasemissies, het gebruik van broeikasgassen in producten, en het niet-energetische gebruik van koolstof uit fossiele brandstoffen)",
          "Agriculture": "Landbouw",
          "LULUCF": "Landgebruik, verandering in landgebruik en bosbouw",
          "Waste": "Afvalbeheer/afval",
          "Cross-cutting": "Sectoroverschrijdend",
          "Other": "Overige sectoren"
        },
        "shortlist": {
          "Energy_Supply": "Energievoorziening ",
          "Energy_Consumption": "Energieverbruik",
          "Transport": "Vervoer",
          "Industrial_Processes": "Industriële processen",
          "Agriculture": "Landbouw",
          "LULUCF": "Landgebruik, verandering in landgebruik en bosbouw",
          "Waste": "Afvalbeheer/afval",
          "Cross-cutting": "Sectoroverschrijdend",
          "Other": "Overige sectoren"
        }
      },
      "GreenhouseGases": {
        "label": "Greenhouse gas(es) affected:",
        "placeholder": "Select Gas(es)",
        "list": {
          "CO2": "Koolstofdioxide(CO2)",
          "CH4": "Methaan (CH4)",
          "N2O": "Distikstofoxide (N2O)",
          "HFC": "Fluorkoolwaterstoffen (HFK)",
          "PFC": "Perfluorkoolwaterstoffen (PFK)",
          "SF6": "Zwavelhexafluoride (SF6)",
          "NF3": "Stikstoftrifluoride (NF3)"
        }
      },
      "Objective": {
        "label": "Doelstelling:",
        "placeholder": "Select Objective",
        "select": "Select Objective",
        "list": {
          "ES_renewable": "Meer hernieuwbare energie",
          "ES_Fuels_witch": "Overgang op minder koolstofintensieve brandstoffen",
          "ES_nuclear": "Meer niet-hernieuwbare koolstofarme opwekking (nucleair)",
          "ES_loss_reduction": "Beperking van verliezen",
          "ES_efficiency": "Verbeterde efficiëntie in de sectoren energie en transformatie",
          "ES_CSS": " Koolstofafvang en -opslag",
          "ES_fugitive_emissions": "Beperking van diffuse emissies bij energieproductie",
          "ES_other": "Overige energievoorziening",
          "EC_efficiency_buildings": "Verbeterde efficiëntie van gebouwen",
          "EC_efficiency_appliances": "Verbeterde efficiëntie van apparaten",
          "EC_efficiency_services": "Verbeterde efficiëntie in de diensten-/tertiaire sector",
          "EC_efficiency_industry": "Verbeterde efficiëntie in sectoren van industrieel eindgebruik",
          "EC_demand_reduction": "Beheersing/vermindering van de vraag",
          "EC_other": "Overig energieverbruik",
          "TR_vehicle_efficiency": "Verbeterde efficiëntie van voertuigen",
          "TR_modal_shift": "Modale verschuiving naar openbaar vervoer of niet-gemotoriseerd vervoer",
          "TR_electric_cars": "Koolstofarme brandstoffen/elektrische auto's",
          "TR_demand_reduction": "Beheersing/vermindering van de vraag",
          "TR_improved_behaviour": "Beter gedrag",
          "TR_improved_infrastructure": "Betere vervoersinfrastructuur",
          "TR_other": "Overig vervoer",
          "IP_abatement_technologies": "Installatie van reductietechnologieën",
          "IP_F-gas_reduction": "Vermindering van de emissies van gefluoreerde gassen",
          "IP_F-gas_replacement": "Vervanging van gefluoreerde gassen door andere stoffen",
          "IP_fugitive_emissions_control": "Beter toezicht op diffuse emissies bij industriële processen",
          "IP_other": "Overige industriële processen",
          "WA_demand_reduction": "Beheersing/vermindering van de vraag",
          "WA_Recycling": " Meer recyclage",
          "WA_Methane_collection": "Meer opvang en gebruik van CH4",
          "WA_improved_treatment": "Betere behandelingstechnologieën",
          "WA_improved_landfill_management": "Beter beheer van stortplaatsen",
          "WA_waste_to_energy": "Afvalverbranding met energierecuperatie",
          "WA_wastewater": "Betere systemen voor het beheer van afvalwater",
          "WA_reduced_landfilling": "Minder storten",
          "WA_other": "Overig afval",
          "AG_Fertilizer_use": "Minder gebruik van meststoffen/mest op bouwland",
          "AG_cropland_management": "Andere activiteiten die het bouwlandbeheer verbeteren",
          "AG_livestock_management": "Beter beheer van de veestapel",
          "AG_animal_waste": "Betere systemen voor het beheer van dierlijk afval",
          "AG_grazing_land_or_grassland": "Activiteiten die het weiland- of graslandbeheer verbeteren",
          "AG_organic_soils": "Beter beheer van organische bodems",
          "AG_other": "Overige landbouw",
          "LULUCF_afforestation_reforestation": "Bebossing en herbebossing",
          "LULUCF_carbon_conservation": "Behoud van koolstof in bestaande bossen",
          "LULUCF_forest_production": "Opdrijven van de productie in bestaande bossen",
          "LULUCF_hwp_pool": "Vergroten van de hoeveelheid geoogste houtproducten",
          "LULUCF_forest_management": "Beter bosbeheer",
          "LULUCF_deforestation_prevention": "Preventie van ontbossing",
          "LULUCF_protection_against_natural_disturbances": "Betere bescherming tegen natuurlijke verstoringen",
          "LULUCF_substitution_with_HWP": "Vervanging van BKG-intensieve grondstoffen en materialen door geoogste houtproducten",
          "LULUCF_wetlands": "Preventie van ontwatering of vernatting van wetlands",
          "LULUCF_degraded_lands": "Herstel van aangetaste grond",
          "LULUCF_other": "Overig LULUCF",
          "CC_framework": "Kaderbeleid",
          "CC_multi-sectoral": "Multisectoraal beleid",
          "CC_other": "Overig sectoroverschrijdend"
        }
      },
      "ObjectiveOther": {
        "label": "Other objectives list",
        "sectors": "Select sector",
        "text": "Objective Name",
        "remove": "Remove objective"
      },
      "ObjectiveQuantified": {
        "label": "Gekwantificeerde doelstelling",
        "placeholder": "Gekwantificeerde doelstelling"
      },
      "Description": {
        "label": "Korte beschrijving:",
        "placeholder": "Type Description"
      },
      "isEnvisaged": {
        "label": "Is the policy or measure envisaged with a view to limiting GHG emissions beyond the Member State commitments under Decision No 406/2009/EC?",
        "list": {
          "yes": "Yes",
          "no": "No"
        }
      },
      "PolicyInstrument": {
        "label": "Type beleidsinstrument:",
        "placeholder": "Select Policy Instrument",
        "list": {
          "Economic": "Economisch",
          "Fiscal": "Fiscaal",
          "Voluntary": "Vrijwillige/onderhandelde overeenkomsten",
          "Regulatory": "Regelgeving",
          "Information": "Informatie",
          "Education": "Onderwijs",
          "Research": "Onderzoek",
          "Planning": "Planning",
          "Other": "Overige"
        }
      },
      "UnionPolicy": {
        "label": "Beleid van de Unie dat leidde tot uitvoering van beleidsinitiatief of maatregel:",
        "other": "Enter other Union Policy",
        "related": "Related",
        "not_related": "Non related",
        "list": {
          "ETS_directive": "EU ETS directive 2003/87/EC as  amended by Directive 2008/101/EC and Directive 2009/29/EC and implementing legislation, in particular 2010/2/EU, 2011/278/EU and 2011/638/EU",
          "Effort_Sharing_Decision": "Effort Sharing Decision 406/2009/EC",
          "RES_directive": "RES directive 2009/28/EC",
          "CO2_and_cars_and_vans_regulations": "Regulation on CO2 from cars and vans (2009/443/EC and no. 510/2011)",
          "Recast_of_EPBD": "Recast of the Energy Performance of Buildings Directive (Directive 2010/31/EU)",
          "Eco-design_Labelling_directives": "Eco-design framework directive 2005/32/EC and its implementing regulations, combined with Labelling Directive 2003/66/EC and 2010/30/EC, including implementing measures (1)",
          "F-gas_Regulation": "F-gas Regulation 2006/842/EC",
          "Motor_Vehicles_Directive": "Motor Vehicles Directive 2006/40/EC",
          "Geological_storage": "Directive on the geological storage of CO2 2009/31/EC",
          "Cogeneration_Directive": "Cogeneration Directive 2004/8/EC",
          "End-use_and_energy_services": "Directive 2006/32/EC on end-use energy efficiency and energy services",
          "Energy_Star_Program": "Energy Star Program",
          "Internal_energy_market": "Completion of the internal energy market (including provisions of the 3d package)",
          "Energy_Taxation_Directive": " Energy Taxation Directive 2003/96/EC",
          "IED": "Industrial emissions Directive 2010/75/EU (Recast of IPPC Directive 2008/1/EC and Large Combustion Plant Directive 2001/80/EC)",
          "NEC": "Directive on national emissions' ceilings for certain pollutants 2001/81/EC",
          "Water_Framework": "Water Framework Directive 2000/60/EC",
          "EURO_5_and_6": "Regulation EURO 5 and 6 2007/715/EC",
          "Euro_6_for_HDV": "Regulation Euro VI for heavy duty vehicles 2009/595/EC",
          "FQD": "Fuel Quality Directive 2009/30/EC",
          "Biofuels_directive": "Biofuels directive 2003/30/EC",
          "Landfill_Directive": "Landfill Directive 1999/31/EC",
          "Waste_Directive": "Waste Directive 2006/12/EC",
          "Waste_Management_Framework_Directive": "Waste Management Framework Directive 2008/98/EC",
          "Nitrate_Directive": "Nitrate Directive 1991/676/EEC",
          "CAP_Reform": "Common Agricultural Policy (CAP) Reform 2006/144/EC",
          "CAP_Health_Check_and_Set_aside": "CAP “Health Check” 2008 and the “Set aside” regulation 73/2009",
          "Eurovignette_Directive": "Eurovignette Directive on road infrastructure charging 2011/76/EU",
          "Clean_and_Energy_Efficient_Vehicles": "Directive on the Promotion of Clean and Energy Efficient Road Transport Vehicles 2009/33/EC",
          "Other_EU": "Other (Union policy not listed above or additional Union policy)",
          "Non_EU-related_PAM": "PAM not related to Union policies"
        }
      },
      "ImplementationStatus": {
        "label": "Stand van uitvoering:",
        "list": {
          "Planned": "Voorgenomen",
          "Adopted": "Goedgekeurd",
          "Implemented": "Uitgevoerd",
          "Expired": "Afgelopen (afgelopen beleidsinitiatieven en maatregelen hoeven slechts in het model te worden vermeld als zij een gevolg hebben of naar verwachting zullen blijven hebben voor de emissie van broeikasgassen)"
        }
      },
      "ImplementationPeriod": {
        "label": "Uitvoeringsperiode:",
        "start": "Begin",
        "finish": "Einde"
      },
      "ProjectionsScenario": {
        "label": "Prognosescenario waarin beleidsinitiatief of maatregel is opgenomen:",
        "list": {
          "WEM": "With existing measures",
          "WAM": "With additional measures"
        }
      },
      "Entities": {
        "label": "Entiteiten die verantwoordelijk zijn voor de uitvoering van het beleid:",
        "addMore": "Add Entity",
        "remove": "Remove Entity",
        "current": "Current entity list",
        "type": "Entity type",
        "name": "Entity name:",
        "list": {
          "Government": "Nationale overheid",
          "Regional": "Regionale entiteiten",
          "Local": "Lokale overheid;",
          "Companies": "Ondernemingen/bedrijven/ondernemersverenigingen",
          "Research": "Onderzoeksinstellingen",
          "Other": "Niet vermelde anderen"
        }
      },
      "Indicators": {
        "label": "Indicatoren voor monitoring en evaluatie van de geboekte vooruitgang:",
        "current": "Current Indicators list",
        "addMore": "Add More",
        "remove": "Remove Indicator",
        "desc": "Omschrijving",
        "Year": "Jaar",
        "Value": "Value"
      },
      "Reference": {
        "label": "Verwijzing naar beoordelingen en ondersteunende technische verslagen:",
        "Text": "Reference",
        "Url": "URL:"
      },
      "Comments": {
        "label": "Algemene opmerkingen:"
      }
    },
    "Table2": {
      "PAM": {
        "label": "Group of policies and measures:"
      },
      "PolicyImpact": {
        "label": "Beleidsinitiatief met invloed op EU ETS- of ESD-emissies:",
        "EU_ETS": "EU ETS",
        "ESD": "ESD",
        "LULUCF": "landgebruik, verandering in landgebruik en bosbouw",
        "Total": "Totaal"
      },
      "Exante": {
        "Title": "Beoordeling vooraf"
      },
      "ExanteEmissions": {
        "label": "GHG emissions reductions for year:"
      },
      "Expost": {
        "Title": "Beoordeling achteraf",
        "Year": "Jaar waarvoor vermindering geldt:",
        "Average": "Gemiddelde vermindering van BKG-emissies:",
        "remove": "Remove Entry"
      },
      "ExpostEmissions": {
        "label": "GHG emissions reductions (kt CO2-equivalent per year):"
      },
      "BasisExplanation": {
        "label": "Beschrijving van de basis voor de ramingen van de matiging:"
      },
      "AffectedFactors": {
        "label": "Door beleidsinitiatief of maatregel beïnvloede factoren:"
      },
      "Documentation": {
        "label": "Documentatie/bron voor raming indien beschikbaar:",
        "Reference": "Reference:",
        "Weblink": "Weblink:"
      }
    },
    "Table3": {
      "PAM": {
        "label": "Group of policies and measures:"
      },
      "Costs": {
        "Projected": "Verwachte kosten en baten",
        "Realised": "Werkelijke kosten en baten",
        "CostType": "Cost ",
        "BenefitType": "Benefit ",
        "NetCostType": "Net cost ",
        "CostReduced": "Kosten in EUR per ton CO2-eq die is verminderd/opgeslagen:",
        "Benefit": "Benefits in EUR per tonne CO2eq reduced/ sequestered:",
        "NetCost": "Net costs in EUR per tonne CO2eq reduced/ sequestered:",
        "CostPerYear": "Absolute kosten per jaar in EUR:",
        "BenefitPerYear": "Absolute benefit per year in EUR:",
        "NetCostPerYear": "Net Cost per year in EUR:",
        "CostCalculatedYear": "Year for which cost has been calculated:",
        "BenefitCalculatedYear": "Year for which benefits has been calculated:",
        "NetCostCalculatedYear": "Year for which net cost has been calculated:",
        "CostReferenceYear": "Price reference year:",
        "CostDescription": "Beschrijving van de kostenramingen (grondslag voor de kostenraming, welke kosten zijn opgenomen in de raming, methodologie):",
        "CostDocumentation": {
          "label": "Documentatie/bron voor kostenraming:",
          "Reference": "Reference:",
          "Weblink": "Weblink:"
        },
        "BenefitDescription": "Description of benefit estimates (basis for benefit estimate, what type of benefits are included in the estimate, methodology):",
        "BenefitDocumentation": {
          "label": "Documentation/ Source of benefit estimation:",
          "Reference": "Reference:",
          "Weblink": "Weblink:"
        }
      }
    }
  }
}