{
  "Labels": {
    "Webform": {
      "CreatePam": "Create new PAM",
      "Title": "Monitoring Mechanism Regulation",
      "TitlePlaceholder": "Enter Title",
      "Annex": "ANEXA XI",
      "Add": "Add",
      "AddPam": "Add PAM",
      "Loading": "Loading...",
      "Complete": "Complete PAM/Group"
    },
    "Overview": {
      "Group": "Policy/measure, or groups of measures",
      "Title": "Title",
      "Table1": "Tabelul 1 – Sectoarele și gazele pentru raportarea cu privire la politici și măsuri, precum și grupurile de măsuri și tipul instrumentului de politică",
      "Table2": "Tabelul 2 — Rezultatele disponibile ale evaluărilor ex ante și ex post ale efectelor fiecărei politici și măsuri sau ale grupurilor de politici și măsuri de atenuare a schimbărilor climatice",
      "Table3": "Tabelul 3 — Costurile și beneficiile preconizate sau realizate disponibile ale politicilor și măsurilor individuale sau ale grupurilor de politici și măsuri de atenuare a schimbărilor climatice",
      "new_table": "Create Table",
      "edit_table": "Edit Table",
      "delete_pam": "Delete"
    },
    "Table1": {
      "Title": "Title for this PAM/Group",
      "isGroup": {
        "label": "Is this a single policy/measure or a group of policies or measures?",
        "placeholder": "teeest",
        "list": {
          "single": "Single",
          "group": "Group"
        }
      },
      "PolicyGroup": {
        "label": "Which policies or measures does it cover?"
      },
      "Sectors": {
        "label": "Sectorul (sectoarele) afectat(e):",
        "placeholder": "Select Sector(s)",
        "list": {
          "Energy_Supply": "Furnizarea de energie (care include extracția, transmiterea, distribuția și stocarea combustibililor, precum și producerea de energie și electricitate)",
          "Energy_Consumption": "Consumul de energie (care include consumul de combustibili și electricitate de către utilizatorii finali, cum ar fi gospodării, servicii, industrie și agricultură)",
          "Transport": "Transporturile",
          "Industrial_Processes": "Procesele industriale (care includ activități industriale de transformare a materialelor prin procedee chimice sau fizice cu generare de emisii de gaze cu efect de seră, utilizarea gazelor de seră în produse și utilizările neenergetice ale combustibililor fosili",
          "Agriculture": "Agricultura",
          "LULUCF": " Exploatarea terenurilor, schimbarea destinației terenurilor și silvicultura",
          "Waste": "Gestionarea deșeurilor/deșeurile",
          "Cross-cutting": "Gestionarea deșeurilor/deșeurile",
          "Other": "Alte sectoare"
        },
        "shortlist": {
          "Energy_Supply": "Furnizarea de energie",
          "Energy_Consumption": "Consumul de energie",
          "Transport": "Transporturile",
          "Industrial_Processes": "Industrial processes",
          "Agriculture": "Agriculture",
          "LULUCF": "Exploatarea terenurilor, schimbarea destinației terenurilor și silvicultura",
          "Waste": "Gestionarea deșeurilor/deșeurile",
          "Cross-cutting": "Gestionarea deșeurilor/deșeurile",
          "Other": "Alte sectoare"
        }
      },
      "GreenhouseGases": {
        "label": "Greenhouse gas(es) affected:",
        "placeholder": "Select Gas(es)",
        "list": {
          "CO2": "Dioxid de carbon (CO2)",
          "CH4": "Metan (CH4)",
          "N2O": "Protoxid de azot (N2O)",
          "HFC": "Hidrofluorocarburi (HFC)",
          "PFC": "Perfluorocarburi (PFC)",
          "SF6": "Hexafluorură de sulf (SF6)",
          "NF3": "Trifluorură de azot (NF3)"
        }
      },
      "Objective": {
        "label": "Obiectivul:",
        "placeholder": "Select Objective",
        "select": "Select Objective",
        "list": {
          "ES_renewable": "Creșterea ponderii energiei regenerabile",
          "ES_Fuels_witch": " Trecerea la combustibili cu factor de emisie de CO2 mai mic",
          "ES_nuclear": "Generarea sporită de energie din surse regenerabile, cu emisii scăzute de carbon (nucleară)",
          "ES_loss_reduction": " Reducerea pierderilor",
          "ES_efficiency": "îmbunătățirea eficienței în sectorul energetic și al transformării energiei",
          "ES_CSS": "Captarea și stocarea CO2",
          "ES_fugitive_emissions": "Controlul emisiilor fugitive din producerea de energie",
          "ES_other": "Alte obiective în domeniul furnizării de energie",
          "EC_efficiency_buildings": "îmbunătățirea eficienței energetice a clădirilor",
          "EC_efficiency_appliances": "îmbunătățirea eficienței energetice a aparaturii electronice",
          "EC_efficiency_services": "îmbunătățirea eficienței energetice în sectorul serviciilor/terțiar",
          "EC_efficiency_industry": "îmbunătățirea eficienței energetice în sectoarele industriale de utilizare finală",
          "EC_demand_reduction": "Gestionarea/reducerea cererii",
          "EC_other": "Alte obiective în domeniul consumului de energie",
          "TR_vehicle_efficiency": "îmbunătățirea eficienței energetice a vehiculelor",
          "TR_modal_shift": "Ransferul modal la transportul public sau la transportul nemotorizat",
          "TR_electric_cars": "Combustibili cu emisii scăzute de dioxid de carbon/mașini electrice",
          "TR_demand_reduction": "Gestionarea/reducerea cererii",
          "TR_improved_behaviour": "Comportament îmbunătățit",
          "TR_improved_infrastructure": "Infrastructură de transport îmbunătățită",
          "TR_other": "Alte obiective în domeniul transporturilor",
          "IP_abatement_technologies": "Instalarea unor tehnologii de reducere a emisiilor",
          "IP_F-gas_reduction": "Reducerea emisiilor de gaze fluorurate",
          "IP_F-gas_replacement": "înlocuirea gazelor fluorurate cu alte substanțe",
          "IP_fugitive_emissions_control": "Controlul îmbunătățit al emisiilor fugitive din procesele industriale",
          "IP_other": "Alte obiective în domeniul proceselor industriale",
          "WA_demand_reduction": "Gestionarea/reducerea cererii",
          "WA_Recycling": "Intensificarea reciclării",
          "WA_Methane_collection": "Intensificarea colectării și utilizării CH4",
          "WA_improved_treatment": "Utilizarea unor tehnologii îmbunătățite de tratare a deșeurilor",
          "WA_improved_landfill_management": "îmbunătățirea gestionării depozitelor de deșeuri",
          "WA_waste_to_energy": "Incinerarea deșeurilor cu utilizare de energie",
          "WA_wastewater": "Isisteme îmbunătățite de gestionare a apelor reziduale",
          "WA_reduced_landfilling": "Reducerea depozitării deșeurilor",
          "WA_other": "Alte obiective în domeniul deșeurilor",
          "AG_Fertilizer_use": "reducerea utilizării îngrășămintelor/gunoiului de grajd pe terenurile cultivate",
          "AG_cropland_management": "lte activități care permit o gestionare îmbunătățită a terenurilor cultivate",
          "AG_livestock_management": "o mai bună gestionare a șeptelurilor",
          "AG_animal_waste": "utilizarea unor sisteme îmbunătățite de gestionare a deșeurilor animale",
          "AG_grazing_land_or_grassland": "activități de îmbunătățire a gestionării pajiștilor sau a pășunilor și fânețelor",
          "AG_organic_soils": "îmbunătățirea gestionării solurilor organice",
          "AG_other": "alte obiective în domeniul agriculturii",
          "LULUCF_afforestation_reforestation": "împădurire și reîmpădurire",
          "LULUCF_carbon_conservation": "Conservarea carbonului în pădurile existente",
          "LULUCF_forest_production": "Intensificarea producției în pădurile existente",
          "LULUCF_hwp_pool": "Sporirea rezervei de produse forestiere recoltate",
          "LULUCF_forest_management": " îmbunătățirea gestionării pădurilor",
          "LULUCF_deforestation_prevention": "Prevenirea despăduririlor",
          "LULUCF_protection_against_natural_disturbances": "Consolidarea protecției împotriva perturbărilor naturale",
          "LULUCF_substitution_with_HWP": "înlocuirea materiilor prime și a materialelor care generează emisii importante de GES cu produse forestiere recoltate",
          "LULUCF_wetlands": "Prevenirea drenării sau a reumidificării zonelor umede",
          "LULUCF_degraded_lands": "Refacerea terenurilor degradate",
          "LULUCF_other": "Alte obiective în domeniul LULUCF",
          "CC_framework": "Politici-cadru",
          "CC_multi-sectoral": "Politici multisectoriale",
          "CC_other": "Altele domenii transsectoriale"
        }
      },
      "ObjectiveOther": {
        "label": "Other objectives list",
        "sectors": "Select sector",
        "text": "Objective Name",
        "remove": "Remove objective"
      },
      "ObjectiveQuantified": {
        "label": "Obiectivul cuantificat",
        "placeholder": "Obiectivul cuantificat"
      },
      "Description": {
        "label": "Short description:",
        "placeholder": "Type Description"
      },
      "isEnvisaged": {
        "label": "Is the policy or measure envisaged with a view to limiting GHG emissions beyond the Member State commitments under Decision No 406/2009/EC?",
        "list": {
          "yes": "Yes",
          "no": "No"
        }
      },
      "PolicyInstrument": {
        "label": "Type of policy Instrument:",
        "placeholder": "Select Policy Instrument",
        "list": {
          "Economic": "Economie",
          "Fiscal": "Fiscalitate",
          "Voluntary": "Acorduri voluntare/negociate",
          "Regulatory": "Reglementare",
          "Information": "Informare",
          "Education": "Educație",
          "Research": "Cercetare",	
          "Planning": "Planificare",
          "Other": "Altele"
        }
      },
      "UnionPolicy": {
        "label": "Politica Uniunii care a dus la punerea în aplicare a politicii/măsurii:",
        "other": "Enter other Union Policy",
        "related": "Related",
        "not_related": "Non related",
        "list": {
          "ETS_directive": "EU ETS directive 2003/87/EC as  amended by Directive 2008/101/EC and Directive 2009/29/EC and implementing legislation, in particular 2010/2/EU, 2011/278/EU and 2011/638/EU",
          "Effort_Sharing_Decision": "Effort Sharing Decision 406/2009/EC",
          "RES_directive": "RES directive 2009/28/EC",
          "CO2_and_cars_and_vans_regulations": "Regulation on CO2 from cars and vans (2009/443/EC and no. 510/2011)",
          "Recast_of_EPBD": "Recast of the Energy Performance of Buildings Directive (Directive 2010/31/EU)",
          "Eco-design_Labelling_directives": "Eco-design framework directive 2005/32/EC and its implementing regulations, combined with Labelling Directive 2003/66/EC and 2010/30/EC, including implementing measures (1)",
          "F-gas_Regulation": "F-gas Regulation 2006/842/EC",
          "Motor_Vehicles_Directive": "Motor Vehicles Directive 2006/40/EC",
          "Geological_storage": "Directive on the geological storage of CO2 2009/31/EC",
          "Cogeneration_Directive": "Cogeneration Directive 2004/8/EC",
          "End-use_and_energy_services": "Directive 2006/32/EC on end-use energy efficiency and energy services",
          "Energy_Star_Program": "Energy Star Program",
          "Internal_energy_market": "Completion of the internal energy market (including provisions of the 3d package)",
          "Energy_Taxation_Directive": " Energy Taxation Directive 2003/96/EC",
          "IED": "Industrial emissions Directive 2010/75/EU (Recast of IPPC Directive 2008/1/EC and Large Combustion Plant Directive 2001/80/EC)",
          "NEC": "Directive on national emissions' ceilings for certain pollutants 2001/81/EC",
          "Water_Framework": "Water Framework Directive 2000/60/EC",
          "EURO_5_and_6": "Regulation EURO 5 and 6 2007/715/EC",
          "Euro_6_for_HDV": "Regulation Euro VI for heavy duty vehicles 2009/595/EC",
          "FQD": "Fuel Quality Directive 2009/30/EC",
          "Biofuels_directive": "Biofuels directive 2003/30/EC",
          "Landfill_Directive": "Landfill Directive 1999/31/EC",
          "Waste_Directive": "Waste Directive 2006/12/EC",
          "Waste_Management_Framework_Directive": "Waste Management Framework Directive 2008/98/EC",
          "Nitrate_Directive": "Nitrate Directive 1991/676/EEC",
          "CAP_Reform": "Common Agricultural Policy (CAP) Reform 2006/144/EC",
          "CAP_Health_Check_and_Set_aside": "CAP “Health Check” 2008 and the “Set aside” regulation 73/2009",
          "Eurovignette_Directive": "Eurovignette Directive on road infrastructure charging 2011/76/EU",
          "Clean_and_Energy_Efficient_Vehicles": "Directive on the Promotion of Clean and Energy Efficient Road Transport Vehicles 2009/33/EC",
          "Other_EU": "Other (Union policy not listed above or additional Union policy)",
          "Non_EU-related_PAM": "PAM not related to Union policies"
        }
      },
      "ImplementationStatus": {
        "label": "Status of Implementation:",
        "list": {
          "Planned": "planificată",
          "Adopted": "adoptată",
          "Implemented": "pusă în aplicare",
          "Expired": " expirată(Politicile și măsurile expirate trebuie raportate în model numai dacă au un efect sau dacă se așteaptă ca acestea să aibă în continuare un efect asupra emisiilor de gaze cu efect de seră) "
        }
      },
      "ImplementationPeriod": {
        "label": "Perioada de punere în aplicare:",
        "start": "Început",
        "finish": "Sfârșit"
      },
      "ProjectionsScenario": {
        "label": "Scenariul proiecțiilor în care este inclusă politica/măsura:",
        "list": {
          "WEM": "With existing measures",
          "WAM": "With additional measures"
        }
      },
      "Entities": {
        "label": "Entități responsabile de j punerea în aplicare a politici:",
        "addMore": "Add Entity",
        "remove": "Remove Entity",
        "current": "Current entity list",
        "type": "Entity type",
        "name": "Entity name:",
        "list": {
          "Government": "Administrație națională",
          "Regional": "Entități regionale",
          "Local": "Administrație locală",
          "Companies": "Societăți/întreprinderi/asociații profesionale",
          "Research": "Institute de cercetare",
          "Other": "Alte"
        }
      },
      "Indicators": {
        "label": "Indicatori utilizați pentru monitorizarea și evaluarea progreselor în timp:",
        "current": "Current Indicators list",
        "addMore": "Add More",
        "remove": "Remove Indicator",
        "desc": "Descriere",
        "Year": "Anul	",
        "Value": "Value"
      },
      "Reference": {
        "label": "Trimiteri la evaluări și la rapoartele tehnice care stau la bază:",
        "Text": "Reference",
        "Url": "URL:"
      },
      "Comments": {
        "label": "Observații generale:"
      }
    },
    "Table2": {
      "PAM": {
        "label": "Group of policies and measures:"
      },
      "PolicyImpact": {
        "label": "Politică având un impact asupra emisiilor care intră sub incidența EU ETS sau ESD:",
        "EU_ETS": "EU ETS",
        "ESD": "ESD",
        "LULUCF": "Exploatarea terenurilor, schimbarea destinației terenurilor și silvicultura.",
        "Total": "Total"
      },
      "Exante": {
        "Title": "Evaluare ex ante"
      },
      "ExanteEmissions": {
        "label": "GHG emissions reductions for year:"
      },
      "Expost": {
        "Title": "Evaluare ex post",
        "Year": "Anul pentru care se aplică reducerea:",
        "Average": "Average emission reduction:",
        "remove": "Remove Entry"
      },
      "ExpostEmissions": {
        "label": "GHG emissions reductions (kt CO2-equivalent per year):"
      },
      "BasisExplanation": {
        "label": "Explanation of the basis for the mitigation estimates:"
      },
      "AffectedFactors": {
        "label": "Factori afectați de politică/măsură:"
      },
      "Documentation": {
        "label": "Furnizarea de documente justificate/sursa estimării dacă este disponibilă:",
        "Reference": "Reference:",
        "Weblink": "Weblink:"
      }
    },
    "Table3": {
      "PAM": {
        "label": "Group of policies and measures:"
      },
      "Costs": {
        "Projected": "Costuri și beneficii preconizate",
        "Realised": "Costuri și beneficii realizate",
        "CostType": "Cost ",
        "BenefitType": "Benefit ",
        "NetCostType": "Net cost ",
        "CostReduced": "Costuri în EUR pe tona de CO2 echivalent redus/sechestrat:",
        "Benefit": "Benefits in EUR per tonne CO2eq reduced/ sequestered:",
        "NetCost": "Net costs in EUR per tonne CO2eq reduced/ sequestered:",
        "CostPerYear": "Absolute costs per year in EUR:",
        "BenefitPerYear": "Absolute benefit per year in EUR:",
        "NetCostPerYear": "Net Cost per year in EUR:",
        "CostCalculatedYear": "Year for which cost has been calculated:",
        "BenefitCalculatedYear": "Year for which benefits has been calculated:",
        "NetCostCalculatedYear": "Year for which net cost has been calculated:",
        "CostReferenceYear": "Price reference year:",
        "CostDescription": "Description of cost estimates (basis for cost estimate, what type of costs are included in the estimate, methodology):",
        "CostDocumentation": {
          "label": "Documente justificative/sursa estimării costurilor:",
          "Reference": "Reference:",
          "Weblink": "Weblink:"
        },
        "BenefitDescription": "Description of benefit estimates (basis for benefit estimate, what type of benefits are included in the estimate, methodology):",
        "BenefitDocumentation": {
          "label": "Documentation/ Source of benefit estimation:",
          "Reference": "Reference:",
          "Weblink": "Weblink:"
        }
      }
    }
  }
}