{
  "Labels": {
    "Webform": {
      "PamNumber": "PAM number",
      "CreatePam": "Create new PAM",
      "Title": "Monitoring Mechanism Regulation",
      "FormTitle": "Policies or Measures (PAMs)",
      "TitlePlaceholder": "Enter Title",
      "Annex": "BILAG XI",
      "Add": "Add",
      "Remove": "Remove",
      "AddSingle": "Add Single",
      "AddGroup": "Add Group",
      "Loading": "Loading...",
      "Complete": "Complete PAM/Group",
      "Group": "Group",
      "Single": "Single",
      "PleaseUpdate": "Please Update individual PAM field",      
      "Notes": "Notes",
      "Type": "Type",
      "Name": "Name",
      "Yes": "Yes",
      "No": "No",
      "Sector": "Sector"
    },
    "Overview": {
      "label": "Overview",
      "heading": "Overview Table",
      "PamNumber": "PAM number",
      "Group": "PAM or group of PAMs",
      "Title": "Name of policy or measure",
      "Table1": "Tabel 1: Sektorer og gasarter med henblik på rapportering om politikker og foranstaltninger eller grupper af foranstaltninger og arten af det anvendte politikinstrument",
      "Table2": "Tabel 2: Tilgængelige resultater fra efterfølgende eller forudgående vurderinger af indvirkningerne af enkeltstående foranstaltninger eller grupper af foranstaltninger på modvirkningen af klimaændringerne",
      "Table3": "Tabel 3: Tilgængelige projekterede og realiserede omkostninger og fordele, der er forbundet med enkeltstående politikker eller foranstaltninger eller grupper af politikker eller foranstaltninger til modvirkning af klimaændringer",
      "new_table": "Create Table",
      "edit_table1": "Edit Table 1",
      "edit_table2": "Edit Table 2",
      "edit_table3": "Edit Table 3",
      "delete_pam": "Delete"
    },
    "Table1": {
      "Tab": "Table1",
      "Title": "Name of PAM or group of PAMs",
      "Asterisk": "* Mandatory reporting requirements.",
      "isGroup": {
        "label": "Is this a single policy/measure or a group of policies or measures?",
        "placeholder": "teeest",
        "list": {
          "single": "Single",
          "group": "Group"
        }
      },
      "PolicyGroup": {
        "label": "Which policies or measures does it cover?"
      },
      "Sectors": {
        "label": "Berørt(e) sektor(er):",
        "placeholder": "Select Sector(s)",
        "list": {
          "Energy_Supply": "Energiforsyning (der omfatter udvinding, transmission, distribution og lagring af brændstoffer samt produktion af energi og elektricitet)",
          "Energy_Consumption": "Energiforbrug (der omfatter slutbrugeres, som f.eks. husstandes, tjenesteyderes, industriers og landbrugets, forbrug af brændstoffer og elektricitet)",
          "Transport": "Transport",
          "Industrial_Processes": "Industriprocesser (der omfatter industrielle aktiviteter, som kemisk eller fysisk omdanner materialer, hvorved der frembringes drivhusgasemissioner, anvendelse af drivhusgasser i produkter og ikke-energirelateret anvendelse af kuldioxid fra fossile brændstoffer)",
          "Agriculture": "Landbrug",
          "LULUCF": "Arealanvendelse, ændringer i arealanvendelse og skovbrug",
          "Waste": "Affaldsbehandling/affald",
          "Cross-cutting": " Tværgående anvendelse",
          "Other": "øvrige sektorer"
        },
        "shortlist": {
          "Energy_Supply": "Energiforsyning",
          "Energy_Consumption": "Energiforbrug",
          "Transport": "Transport",
          "Industrial_Processes": "Industriprocesser",
          "Agriculture": "Landbrug",
          "LULUCF": "Arealanvendelse, ændringer i arealanvendelse og skovbrug",
          "Waste": "Affaldsbehandling/affald",
          "Cross-cutting": "Tværgående anvendelse",
          "Other": "øvrige sektorer",
          "null": ""
        }
      },
      "GreenhouseGases": {
        "label": "Greenhouse gas(es) affected:",
        "placeholder": "Select Gas(es)",
        "list": {
          "CO2": "Kuldioxid (CO2)",
          "CH4": "Methan  (CH4)",
          "N2O": "Nitrogenoxid (N2O)",
          "HFC": "Hydrofluorcarboner(HFC)",
          "PFC": "Perfluorocarboner (PFC)",
          "SF6": "Svovlhexafluorid (SF6)",
          "NF3": "Nitrogentrifluorid (NF3)"
        }
      },
      "Objective": {
        "label": "Målsætning:",
        "placeholder": "Select Objective(s)",
        "select": "Select Objective(s)",
        "current": "Objective(s)",
        "emptySectors": "You need to select at least one Sector to view and select Objectives",
        "list": {
          "ES_renewable": "Stigning i vedvarende energi",
          "ES_Fuels_witch": "Overgang til mindre kulstofintensive brændstoffer",
          "ES_nuclear": "Forbedret ikke-vedvarende lavemissionsproduktion (atomkraft)",
          "ES_loss_reduction": "Mindskelse af tab",
          "ES_efficiency": "Effektivitetsforbedring i energi- og omdannelsessektoren",
          "ES_CSS": "CO2-opsamling og -lagring",
          "ES_fugitive_emissions": "Begrænsning af flygtige emissioner fra energiproduktion",
          "ES_other": "Andre former for energiforsyning",

          "EC_efficiency_buildings": "Effektivitetsforbedringer i bygninger",
          "EC_efficiency_appliances": "Effektivitetsforbedringer i apparater",
          "EC_efficiency_services": "Effektivitetsforbedringer i tjenesteydelser/servicesektoren",
          "EC_efficiency_industry": "Effektivitetsforbedringer i den industrielle slutbrugersektor",
          "EC_demand_reduction": "Styring/begrænsning af efterspørgsel",
          "EC_other": "Andre former for energiforbrug",

          "TR_vehicle_efficiency": "Effektivitetsforbedringer af køretøjer",
          "TR_modal_shift": "Overflytning af trafik til offentlig transport eller ikke-motoriseret transport",
          "TR_electric_cars": "Lavemissionsbrændstoffer/elbiler",
          "TR_demand_reduction": "Styring/begrænsning af efterspørgsel",
          "TR_improved_behaviour": "Adfærdsændring",
          "TR_improved_infrastructure": "Forbedret transportinfrastruktur",
          "TR_other": "Andre transportformer",

          "IP_abatement_technologies": "Installation af nedbringelsesteknologier",
          "IP_F-gas_reduction": "Nedbringelse af fluorgasemissioner",
          "IP_F-gas_replacement": "Erstatning af fluorgasser med andre stoffer",
          "IP_fugitive_emissions_control": "øget begrænsning af flygtige emissioner fra industriprocesser",
          "IP_other": "Andre former for industriprocesser.",

          "WA_demand_reduction": "Styring/begrænsning af efterspørgsel",
          "WA_Recycling": "øget genanvendelse",
          "WA_Methane_collection": "øget CH4-opsamling og -anvendelse",
          "WA_improved_treatment": "Forbedret behandlingsteknologi",
          "WA_improved_landfill_management": "Forbedret styring af deponeringsanlæg",
          "WA_waste_to_energy": "Energiproducerende affaldsforbrænding",
          "WA_wastewater": "Forbedrede spildevandsbehandlingssystemer",
          "WA_reduced_landfilling": "Nedbringelse af deponering",
          "WA_other": "Andet affald",

          "AG_Fertilizer_use": "Nedbringelse af anvendelse af gødning/husdyrgødning på dyrkede arealer",
          "AG_cropland_management": "Andre aktiviteter, der har forbedret forvaltningen af dyrkede arealer",
          "AG_livestock_management": "Forbedret husdyrforvaltning",
          "AG_animal_waste": "Forbedrede systemer til behandling af dyreaffald",
          "AG_grazing_land_or_grassland": "Aktiviteter til forbedring af græsningsarealer eller forvaltning af græsningsarealer",
          "AG_organic_soils": "Forbedret forvaltning af organisk jord",
          "AG_other": "Andre former for landbrug",

          "LULUCF_afforestation_reforestation": " Nyplantning og genplantning af skov",
          "LULUCF_carbon_conservation": "Bevarelse af kulstof i eksisterende skove",
          "LULUCF_forest_production": "Produktionsforbedring i eksisterende skove",
          "LULUCF_hwp_pool": "Forøgelse af mængden af høstede træprodukter",
          "LULUCF_forest_management": "Forbedring af skovforvaltning",
          "LULUCF_deforestation_prevention": "Hindring af skovrydning",
          "LULUCF_protection_against_natural_disturbances": "Styrkelse af beskyttelsen mod naturlige forstyrrelser",
          "LULUCF_substitution_with_HWP": "Udskiftning af emissionsintensive råstoffer og materialer med høstede træprodukter",
          "LULUCF_wetlands": "Forhindring af dræning eller fremme af genfugtning af vådområder",
          "LULUCF_degraded_lands": "Genopretning af ødelagte arealer",
          "LULUCF_other": "Undtagen LULUCF",

          "CC_framework": "Rammepolitik",
          "CC_multi-sectoral": "Tværfaglig politik",
          "CC_other": "Andre tværgående foranstaltninger"
        }
      },
      "ObjectiveOther": {
        "label": "Other Objective(s)",
        "sectors": "Select sector",
        "text": "Objective Name"
      },
      "ObjectiveQuantified": {
        "label": "Kvantificeret målsætning",
        "placeholder": "Kvantificeret målsætning"
      },
      "Description": {
        "label": "Kort beskrivelse:",
        "placeholder": "Type Description"
      },
      "isEnvisaged": {
        "label": "Is the policy or measure envisaged with a view to limiting GHG emissions beyond the Member State commitments under Decision No 406/2009/EC?",
        "list": {
          "yes": "Yes",
          "no": "No"
        }
      },
      "PolicyInstrument": {
        "label": "Arten af det anvendte politikinstrument:",
        "placeholder": "Select Policy Instrument",
        "list": {
          "Economic": "økonomisk politik",
          "Fiscal": "Skattepolitik",
          "Voluntary": "Frivillige/forhandlede aftaler",
          "Regulatory": "Lovpligtig",
          "Information": "Oplysning",
          "Education": "Uddannelsespolitisk",
          "Research": "Forskningspolitiks",
          "Planning": "Planlægning",
          "Other": "Andet"
        }
      },
      "UnionPolicy": {
        "label": "Den unionspolitik, der resulterede i gennemførelsen af PAM:",
        "other": "Enter other Union Policy",
        "current": "Current Union Policy list",
        "placeholder": "Select Union Policy/ies",
        "otherCurrent": "Current Other Union Policy list",
        "related": "Related",
        "not_related": "Non related",
        "list": {
          "ETS_directive": "EU ETS directive 2003/87/EC as  amended by Directive 2008/101/EC and Directive 2009/29/EC and implementing legislation, in particular 2010/2/EU, 2011/278/EU and 2011/638/EU",
          "Effort_Sharing_Decision": "Effort Sharing Decision 406/2009/EC",
          "RES_directive": "RES directive 2009/28/EC",
          "CO2_and_cars_and_vans_regulations": "Regulation on CO2 from cars and vans (2009/443/EC and no. 510/2011)",
          "Recast_of_EPBD": "Recast of the Energy Performance of Buildings Directive (Directive 2010/31/EU)",
          "Eco-design_Labelling_directives": "Eco-design framework directive 2005/32/EC and its implementing regulations, combined with Labelling Directive 2003/66/EC and 2010/30/EC, including implementing measures",
          "F-gas_Regulation": "F-gas Regulation 2006/842/EC",
          "Motor_Vehicles_Directive": "Motor Vehicles Directive 2006/40/EC",
          "Geological_storage": "Directive on the geological storage of CO2 2009/31/EC",
          "Cogeneration_Directive": "Cogeneration Directive 2004/8/EC",
          "End-use_and_energy_services": "Directive 2006/32/EC on end-use energy efficiency and energy services",
          "Energy_Star_Program": "Energy Star Program",
          "Internal_energy_market": "Completion of the internal energy market (including provisions of the 3d package)",
          "Energy_Taxation_Directive": " Energy Taxation Directive 2003/96/EC",
          "IED": "Industrial emissions Directive 2010/75/EU (Recast of IPPC Directive 2008/1/EC and Large Combustion Plant Directive 2001/80/EC)",
          "NEC": "Directive on national emissions' ceilings for certain pollutants 2001/81/EC",
          "Water_Framework": "Water Framework Directive 2000/60/EC",
          "EURO_5_and_6": "Regulation EURO 5 and 6 2007/715/EC",
          "Euro_6_for_HDV": "Regulation Euro VI for heavy duty vehicles 2009/595/EC",
          "FQD": "Fuel Quality Directive 2009/30/EC",
          "Biofuels_directive": "Biofuels directive 2003/30/EC",
          "Landfill_Directive": "Landfill Directive 1999/31/EC",
          "Waste_Directive": "Waste Directive 2006/12/EC",
          "Waste_Management_Framework_Directive": "Waste Management Framework Directive 2008/98/EC",
          "Nitrate_Directive": "Nitrate Directive 1991/676/EEC",
          "CAP_Reform": "Common Agricultural Policy (CAP) Reform 2006/144/EC",
          "CAP_Health_Check_and_Set_aside": "CAP “Health Check” 2008 and the “Set aside” regulation 73/2009",
          "Eurovignette_Directive": "Eurovignette Directive on road infrastructure charging 2011/76/EU",
          "Clean_and_Energy_Efficient_Vehicles": "Directive on the Promotion of Clean and Energy Efficient Road Transport Vehicles 2009/33/EC",
          "Other_EU": "Other (Union policy not listed above or additional Union policy)",
          "Non_EU-related_PAM": "PAM not related to Union policies"
        }
      },
      "ImplementationStatus": {
        "label": "Status for gennemførelsen:",
        "list": {
          "Planned": "Planlagt",
          "Adopted": "Vedtaget",
          "Implemented": "Gennemført",
          "Expired": "Udløbet(skal kun rapporteres i skabelonen, hvis de har en indvirkning ventes fortsat at have en indvirkning på drivhusgasemissioner)"
        },
        "shortlist": {
          "Planned": "Planned",
          "Adopted": "Adopted",
          "Implemented": "Implemented",
          "Expired": "Expired"
        }
      },
      "ImplementationPeriod": {
        "label": "Gennemførelsesperiode:",
        "start": "Start",
        "finish": "Slut"
      },
      "ProjectionsScenario": {
        "label": "Fremskrivningsscenarie, hvor PAM er omfattet:",
        "list": {
          "null": "",
          "WEM": "With existing measures",
          "WAM": "With additional measures"
        }
      },
      "Entities": {
        "label": "Ansvarlige myndigheder for gennemførelse af politikken:",
        "placeholder": "Select Type",
        "current": "Current entity list",
        "list": {
          "Government": "National myndighed",
          "Regional": "regionale myndigheder",
          "Local": "Lokal myndighed",
          "Companies": "Virksomheder/forretninger/erhvervssammenslutninger",
          "Research": "Forskningsinstitutioner",
          "Other": "Andre ikke anførte organisationer/myndigheder"
        }
      },
      "Indicators": {
        "label": "Anvendte indikatorer til overvågning og evaluering af fremskridtene over tid (være før- eller efter-værdier):",
        "current": "Current Indicators list",
        "desc": "Beskrivelse",
        "unit": "Unit",
        "Year": "År {{num}}",
        "Value": "Value {{num}}"
      },
      "Reference": {
        "label": "Henvisning til vurderinger og underbygning af tekniske rapporter:",
        "Text": "Henvisning",
        "Url": "URL:"
      },
      "Comments": {
        "label": "General Comments:"
      }
    },
    "Table2": {
      "Tab": "Table2",
      "Asterisk": "* Mandatory reporting requirements.",
      "PAM": {
        "label": "Group of policies and measures:"
      },
      "PolicyImpact": {
        "label": "Politik med indvirkning på EU's ETS- eller ESD-emissioner:",
        "placeholder": "Select Policy impacting EU ETS or ESD emissions",
        "EU_ETS": "EU's ETS",
        "ESD": "ESD",
        "LULUCF": "Arealanvendelse, ændringer i arealanvendelse og skovbrug",
        "Total": "I alt"
      },
      "Exante": {
        "Title": "Forudgående vurdering"
      },
      "ExanteEmissions": {        
        "label": "GHG emissions reductions for year {{year}} (kt CO2-equivalent per year)"
      },
      "Expost": {
        "Title": "Efterfølgende vurdering",
        "Year": "År, som nedbringelsen vedrører:",
        "Average": "Gennemsnitlig nedbringelse af emissioner :",
      },
      "ExpostEmissions": {
        "label": "Nedbringelse af drivhusgasemissioner (kt CO2-ækvivalenter pr. år):"
      },
      "BasisExplanation": {
        "label": "Redegørelse for grundlaget for estimeret modvirkning:"
      },
      "AffectedFactors": {
        "label": "Faktorer påvirket af PAM:"
      },
      "Documentation": {
        "label": "Dokumentation/kilde til estimationsgrundlag, hvis denne er tilgængelig :",
        "Reference": "Henvisning :",
        "Weblink": "Hyperlink:"
      }
    },
    "Table3": {
      "Tab": "Table3",
      "PAM": {
        "label": "Group of policies and measures:"
      },
      "Costs": {
        "Projected": "Projekterede omkostninger og fordele",
        "Realised": "Realiserede omkostninger og fordele",
        "YearPlaceholder": "Select Year",
        "CostType": "Cost ",
        "BenefitType": "Benefit ",
        "NetCostType": "Net cost ",
        "CostReduced": "Omkostninger i EUR pr. reduceret/bundet ton CO2-ækvivalenter:",
        "Benefit": "Benefits in EUR per tonne CO2eq reduced/ sequestered:",
        "NetCost": "Net costs in EUR per tonne CO2eq reduced/ sequestered:",
        "CostPerYear": "Absolutte omkostninger pr. år i EUR :",
        "BenefitPerYear": "Absolute benefit per year in EUR:",
        "NetCostPerYear": "Net Cost per year in EUR:",
        "CostCalculatedYear": "Year for which cost has been calculated:",
        "BenefitCalculatedYear": "Year for which benefits has been calculated:",
        "NetCostCalculatedYear": "Year for which net cost has been calculated:",
        "CostReferenceYear": "Price reference year:",
        "CostDescription": "Beskrivelse af omkostningsoverslag (grundlag for omkostningsoverslag, hvilken type omkostninger omfatter overslaget, metode):",
        "CostDocumentation": {
          "label": "Dokumentation/kilde til omkostningsoverslag:",
          "Reference": "Henvisning:",
          "Weblink": "Hyperlink:"
        },
        "BenefitDescription": "Description of benefit estimates (basis for benefit estimate, what type of benefits are included in the estimate, methodology):",
        "BenefitDocumentation": {
          "label": "Documentation/ Source of benefit estimation:",
          "Reference": "Henvisning:",
          "Weblink": "Hyperlink:"
        }
      }
    },
    "Tooltip": {
      "MMR" : "Definitions and information on mandatory reporting requirements are stipulated in MMR Art. 13 and MMR implementing regulation Art. 22 and Annex XI.",
      "Overview": "Numeric values with decimals should be entered using a dot not a comma.",
      "Group": "A group of PAMs consists of other single PAMs.",
      "Table1": {
        "Title": "Fill this table with PAMs and groups of PAMs.",
        "isGroup": "A group of PAMs consists of other single PAMs.",
        "PolicyGroup": "One PAM cannot be part of more than one group.",
        "Sectors": "More than one sector can be selected",
        "GreenhouseGases": "More than one GHG can be selected.",
        "Objective": "More than one objective can be selected, additional objectives could be added and specified under ‘other’",
        "QuantifiedObjective": "Include the figure(s) if the objective(s) is (are) quantified.",
        "UnionPolicy": "More than one Union policy can be selected, additional union policies could be added and specified under ‘other’.",
        "ImplementationStatus": "Expired PAMs must be reported in the template only if they have an effect, or they are expected to continue to have an effect on GHG emissions.",
        "Entities": "More than one entity can be selected."              
      },
      "Table2": {
        "Title": "Fill this table for all PAMs or groups of PAMs for which an ex-post or ex-ante assessment is available",
        "PolicyImpacting": "More than one can be selected."        
      },
      "Table3": {
        "Title": "Fill this table for all PAMs or groups of PAMs for which such an assessment is available.",
        "CostCalculatedYear": "Provide a year or a range of years.",
        "BenefitCalculatedYear": "Provide a year or a range of years.",
        "CostDescription": "Basis for cost estimate, what type of costs are included in the estimate, methodology.",
        "BenefitDescription": "Basis for benefit estimate, what type of benefits are included in the estimate, methodology."
      }
    }
  }
}