{
  "Labels": {
    "Webform": {
      "CreatePam": "Create new PAM",
      "Title": "Monitoring Mechanism Regulation",
      "TitlePlaceholder": "Enter Title",
      "Annex": "XI LISA",
      "Add": "Add",
      "AddPam": "Add PAM",
      "Loading": "Loading...",
      "Complete": "Complete PAM/Group"
    },
    "Overview": {
      "Group": "Policy/measure, or groups of measures",
      "Title": "Title",
      "Table1": "Tabel 1. Sektorid ja gaasid poliitikasuundi, meetmeid ja meetmerühmi käsitleva teabe esitamiseks ning poliitikavahendi liik",
      "Table2": "Tabel 2. Kliimamuutuste leevendamist käsitleva poliitikasuuna ja meetme või nende rühmade mõju eel- ja järelhindamise tulemused",
      "Table3": "Tabel 3. Kliimamuutuste leevendamist käsitleva poliitikasuuna ja meetme või nende rühmadega seoses prognoositud ja tehtud kulutused ning prognoositud ja saadud kasu",
      "new_table": "Create Table",
      "edit_table": "Edit Table",
      "delete_pam": "Delete"
    },
    "Table1": {
      "Title": "Title for this PAM/Group",
      "isGroup": {
        "label": "Is this a single policy/measure or a group of policies or measures?",
        "placeholder": "teeest",
        "list": {
          "single": "Single",
          "group": "Group"
        }
      },
      "PolicyGroup": {
        "label": "Which policies or measures does it cover?"
      },
      "Sectors": {
        "label": "Mõjutatud sektor(id):",
        "placeholder": "Select Sector(s)",
        "list": {
          "Energy_Supply": "Energiavarustus (sh kütuste kaevandamine, muundamine, müük ja ladustamine ning energia- ja elektritootmine)",
          "Energy_Consumption": "Energia tarbimine (sh kütuste ja elektri tarbimine lõpptarbijate poolt, st kodumajapidamistes, teenuste-, tööstus- ja põllumajandussektoris)",
          "Transport": "Transport",
          "Industrial_Processes": "Tööstusprotsessid (sh tööstusprotsessid, mille käigus materjale muundatakse keemiliselt või füüsiliselt, mille tulemusena tekib kasvuhoonegaaside heide, kasvuhoonegaaside kasutamine toodetes ja fossiilkütustest pärit süsiniku kasutamine energiaga mitteseotud aladel)",
          "Agriculture": "Põllumajandus",
          "LULUCF": "Maakasutus, maakasutuse muutus ja metsandus",
          "Waste": "Jäätmekäitlus/jäätmed",
          "Cross-cutting": "Sektoriteülene tegevus",
          "Other": "Muud sektorid"
        },
        "shortlist": {
          "Energy_Supply": "Energiavarustus",
          "Energy_Consumption": "Energia tarbimine",
          "Transport": "Transport",
          "Industrial_Processes": "Tööstusprotsessid",
          "Agriculture": "Põllumajandus",
          "LULUCF": "Maakasutus, maakasutuse muutus ja metsanduy",
          "Waste": "Jäätmekäitlus/jäätmed",
          "Cross-cutting": "Sektoriteülene tegevus",
          "Other": "Muud sektorid"
        }
      },
      "GreenhouseGases": {
        "label": "Greenhouse gas(es) affected:",
        "placeholder": "Select Gas(es)",
        "list": {
          "CO2": "Süsinikdioksiid (CO2)",
          "CH4": "Metaan (CH4)",
          "N2O": "Dilämmastikoksiid (N2O)",
          "HFC": "Fluorosüsivesinikud (HFC)",
          "PFC": "Perfluorosüsivesinikud (PFC)",
          "SF6": "Väävelheksafluoriid (SF6)",
          "NF3": "Lämmastiktrifluoriid (NF3)"
        }
      },
      "Objective": {
        "label": "Eesmärk:",
        "placeholder": "Select Objective",
        "select": "Select Objective",
        "list": {
          "ES_renewable": "Taastuvenergia osakaalu suurendamine",
          "ES_Fuels_witch": "üleminek vähem CO2-heidet tekitavatele fossiilkütustele",
          "ES_nuclear": "Vähese CO2-heitega energiatootmise tõhustamine taastumatutest allikatest (tuumaenergia)",
          "ES_loss_reduction": "Kadude vähendamine",
          "ES_efficiency": "Tõhususe suurendamine energia- ja energia muundamise sektoris",
          "ES_CSS": "Süsinikdioksiidi kogumine ja ladustamine",
          "ES_fugitive_emissions": "Energiatootmise hajusheite piiramine",
          "ES_other": "Muu energiavarustus",
		  
          "EC_efficiency_buildings": "Hoonete energiatõhususe suurendamine",
          "EC_efficiency_appliances": "Seadmete energiatõhususe suurendamine",
          "EC_efficiency_services": "Energiatõhususe suurendamine teenuste-/teenindussektoris",
          "EC_efficiency_industry": "Tööstusliku lõppkasutuse sektoris",
          "EC_demand_reduction": "Nõudluse juhtimine/vähendamine",
          "EC_other": "Muu energiatarbimine",
		  
          "TR_vehicle_efficiency": "Sõidukite energiatõhususe suurendamine",
          "TR_modal_shift": "ühistranspordile või mootorita transpordivahenditele ülemineku edendamine",
          "TR_electric_cars": "Vähese CO2-heitega kütuste/elektriautode edendamine",
          "TR_demand_reduction": "Nõudluse juhtimine/vähendamine",
          "TR_improved_behaviour": "Käitumisharjumuste muutmine",
          "TR_improved_infrastructure": "Transporditaristu tõhustamine",
          "TR_other": "Muu transport",
		  
          "IP_abatement_technologies": "Heite vähendamise tehnoloogia kasutamine",
          "IP_F-gas_reduction": "Fluoritud gaaside heite vähendamine",
          "IP_F-gas_replacement": "Fluoritud gaaside asendamine muude ainetega",
          "IP_fugitive_emissions_control": "Tööstusprotsesside hajusheite tõhusam piiramine",
          "IP_other": "Muud tööstusprotsessid",
		  
          "WA_demand_reduction": "Nõudluse juhtimine/vähendamine",
          "WA_Recycling": "Tõhusam ringlussevõtt",
          "WA_Methane_collection": "CH4 tõhusam kogumine ja kasutamine",
          "WA_improved_treatment": "Tõhusam jäätmekäitlustehnoloogia",
          "WA_improved_landfill_management": "Prügilate tõhusam haldamine",
          "WA_waste_to_energy": "Jäätmete põletamine koos energia kasutamisega",
          "WA_wastewater": "Reovee juhtimissüsteemide tõhustamine",
          "WA_reduced_landfilling": "Prügilasse ladestamise vähendamine",
          "WA_other": "Muud jäätmed",
		  
          "AG_Fertilizer_use": "Väetiste/sõnniku kasutamise vähendamine põllumaal",
          "AG_cropland_management": "Muud tegevused põllumaa paremaks majandamiseks",
          "AG_livestock_management": "Kariloomade parem majandamine",
          "AG_animal_waste": "Tõhusamad süsteemid loomse päritoluga jäätmete käitlemiseks",
          "AG_grazing_land_or_grassland": "Meetmed karjamaade või rohumaade majandamise parandamiseks",
          "AG_organic_soils": "Orgaaniliste muldade parem majandamine",
          "AG_other": "Muu põllumajandus",
		  
          "LULUCF_afforestation_reforestation": "Metsastamine ja taasmetsastamine",
          "LULUCF_carbon_conservation": "Süsiniku säilitamine olemasolevates metsades",
          "LULUCF_forest_production": "Olemasolevate metsade tootmisvõime suurendamine",
          "LULUCF_hwp_pool": "Puittoodete süsinikuvaru suurendamine",
          "LULUCF_forest_management": "Tõhusam metsade majandamine",
          "LULUCF_deforestation_prevention": "Raadamise ärahoidmine",
          "LULUCF_protection_against_natural_disturbances": "Kaitse tõhustamine looduslike häiringute vastu",
          "LULUCF_substitution_with_HWP": "Kasvuhoonegaasimahukate energiatoorainete ja materjalide asendamine puittoodetega",
          "LULUCF_wetlands": "Märgalade kuivendamise ärahoidmine ja nende taastamise stimuleerimine",
          "LULUCF_degraded_lands": "Degradeerunud alade taastamine",
          "LULUCF_other": "Muu LULUCF",
		  
          "CC_framework": "Raampoliitika",
          "CC_multi-sectoral": "Mitut sektorit hõlmav poliitika",
          "CC_other": "Muud valdkonnaülesed meetmed"
        }
      },
      "ObjectiveOther": {
        "label": "Other objectives list",
        "sectors": "Select sector",
        "text": "Objective Name",
        "remove": "Remove objective"
      },
      "ObjectiveQuantified": {
        "label": "Kvantitatiivne eesmärk",
        "placeholder": "Kvantitatiivne eesmärk"
      },
      "Description": {
        "label": "Lühikirjeldus	:",
        "placeholder": "Type Description"
      },
      "isEnvisaged": {
        "label": "Is the policy or measure envisaged with a view to limiting GHG emissions beyond the Member State commitments under Decision No 406/2009/EC?",
        "list": {
          "yes": "Yes",
          "no": "No"
        }
      },
      "PolicyInstrument": {
        "label": "Poliitikavahendi liik:",
        "placeholder": "Select Policy Instrument",
        "list": {
          "Economic": "Majandusmeetmed",
          "Fiscal": "Fiskaalmeetmed",
          "Voluntary": "Vabatahtlikud/läbiräägitud kokkulepped",
          "Regulatory": "Regulatiivmeetmed",
          "Information": "Teavitamine",
          "Education": "Haridus",
          "Research": "Teadusuuringud",
          "Planning": "Planeerimine",
          "Other": "Muu"
        }
      },
      "UnionPolicy": {
        "label": "Liidu poliitika, mille tulemusel poliitikasuund või meede rakendati:",
        "other": "Enter other Union Policy",
        "related": "Related",
        "not_related": "Non related",
        "list": {
          "ETS_directive": "EU ETS directive 2003/87/EC as  amended by Directive 2008/101/EC and Directive 2009/29/EC and implementing legislation, in particular 2010/2/EU, 2011/278/EU and 2011/638/EU",
          "Effort_Sharing_Decision": "Effort Sharing Decision 406/2009/EC",
          "RES_directive": "RES directive 2009/28/EC",
          "CO2_and_cars_and_vans_regulations": "Regulation on CO2 from cars and vans (2009/443/EC and no. 510/2011)",
          "Recast_of_EPBD": "Recast of the Energy Performance of Buildings Directive (Directive 2010/31/EU)",
          "Eco-design_Labelling_directives": "Eco-design framework directive 2005/32/EC and its implementing regulations, combined with Labelling Directive 2003/66/EC and 2010/30/EC, including implementing measures (1)",
          "F-gas_Regulation": "F-gas Regulation 2006/842/EC",
          "Motor_Vehicles_Directive": "Motor Vehicles Directive 2006/40/EC",
          "Geological_storage": "Directive on the geological storage of CO2 2009/31/EC",
          "Cogeneration_Directive": "Cogeneration Directive 2004/8/EC",
          "End-use_and_energy_services": "Directive 2006/32/EC on end-use energy efficiency and energy services",
          "Energy_Star_Program": "Energy Star Program",
          "Internal_energy_market": "Completion of the internal energy market (including provisions of the 3d package)",
          "Energy_Taxation_Directive": " Energy Taxation Directive 2003/96/EC",
          "IED": "Industrial emissions Directive 2010/75/EU (Recast of IPPC Directive 2008/1/EC and Large Combustion Plant Directive 2001/80/EC)",
          "NEC": "Directive on national emissions' ceilings for certain pollutants 2001/81/EC",
          "Water_Framework": "Water Framework Directive 2000/60/EC",
          "EURO_5_and_6": "Regulation EURO 5 and 6 2007/715/EC",
          "Euro_6_for_HDV": "Regulation Euro VI for heavy duty vehicles 2009/595/EC",
          "FQD": "Fuel Quality Directive 2009/30/EC",
          "Biofuels_directive": "Biofuels directive 2003/30/EC",
          "Landfill_Directive": "Landfill Directive 1999/31/EC",
          "Waste_Directive": "Waste Directive 2006/12/EC",
          "Waste_Management_Framework_Directive": "Waste Management Framework Directive 2008/98/EC",
          "Nitrate_Directive": "Nitrate Directive 1991/676/EEC",
          "CAP_Reform": "Common Agricultural Policy (CAP) Reform 2006/144/EC",
          "CAP_Health_Check_and_Set_aside": "CAP “Health Check” 2008 and the “Set aside” regulation 73/2009",
          "Eurovignette_Directive": "Eurovignette Directive on road infrastructure charging 2011/76/EU",
          "Clean_and_Energy_Efficient_Vehicles": "Directive on the Promotion of Clean and Energy Efficient Road Transport Vehicles 2009/33/EC",
          "Other_EU": "Other (Union policy not listed above or additional Union policy)",
          "Non_EU-related_PAM": "PAM not related to Union policies"
        }
      },
      "ImplementationStatus": {
        "label": "Rakendamise seis:",
        "list": {
          "Planned": "Kavandatud",
          "Adopted": "Vastu võetud",
          "Implemented": "Rakendatud",
          "Expired": "Aegunud (ainult juhul, kui neil on mõju või kui on oodata nende mõju jätkumist kasvuhoonegaaside heitele)"
        }
      },
      "ImplementationPeriod": {
        "label": "Rakendusperiood:",
        "start": "Algus",
        "finish": "Lõpp"
      },
      "ProjectionsScenario": {
        "label": "Prognoosid, milles on poliitikasuunda või meedet arvesse võetud:",
        "list": {
          "WEM": "With existing measures",
          "WAM": "With additional measures"
        }
      },
      "Entities": {
        "label": "Poliitika rakendamise eest vastutavad üksused:",
        "addMore": "Add Entity",
        "remove": "Remove Entity",
        "current": "Current entity list",
        "type": "Entity type",
        "name": "Entity name:",
        "list": {
          "Government": "Riigi valitsus",
          "Regional": "Piirkondlikud üksused",
          "Local": "Kohalik omavalitsus",
          "Companies": "Ettevõtjad/tööstusühendused",
          "Research": "Teadusasutused",
          "Other": "Muud loetlemata üksused"
        }
      },
      "Indicators": {
        "label": "Näitajad edusammude seireks ja hindamiseks aja jooksul (ex-post või ex-ante):",
        "current": "Current Indicators list",
        "addMore": "Add More",
        "remove": "Remove Indicator",
        "desc": "Kirjeldus",
        "Year": "Aasta",
        "Value": "Value"
      },
      "Reference": {
        "label": "Viide hinnangutele ja nende aluseks olevatele tehnilistele aruannetele:",
        "Text": "Viide",
        "Url": "URL:"
      },
      "Comments": {
        "label": "Üldised märkused:"
      }
    },
    "Table2": {
      "PAM": {
        "label": "Group of policies and measures:"
      },
      "PolicyImpact": {
        "label": "ELi HKSi või JKO otsuse kohaseid heitkoguseid mõjutav poliitikasuund:",
        "EU_ETS": "ELi HKS",
        "ESD": "JKO",
        "LULUCF": "Maakasutus, maakasutuse muutus ja metsandus",
        "Total": "Kokku"
      },
      "Exante": {
        "Title": "Eelhindamine"
      },
      "ExanteEmissions": {
        "label": "GHG emissions reductions for year:"
      },
      "Expost": {
        "Title": "Järelhindamine",
        "Year": "Aasta, mille kohta vähenemine kehtib:",
        "Average": "Heite keskmine vähenemine:",
        "remove": "Remove Entry"
      },
      "ExpostEmissions": {
        "label": "KHG heite vähenemine t (kt CO2-ekvivalente aastas):"
      },
      "BasisExplanation": {
        "label": "Leevendamist käsitlevate hinnangute aluseks oleva teabe selgitus:"
      },
      "AffectedFactors": {
        "label": "Tegurid, mida poliitikasuund või meede mõjutab:"
      },
      "Documentation": {
        "label": "Hinnanguga seotud dokumendid/allikas, kui need on olemas :",
        "Reference": "Viide:",
        "Weblink": "Veebilink :"
      }
    },
    "Table3": {
      "PAM": {
        "label": "Group of policies and measures:"
      },
      "Costs": {
        "Projected": "Prognoositud kulud ja tulud",
        "Realised": "Tehtud kulutused ja saadud tulu",
        "CostType": "Cost ",
        "BenefitType": "Benefit ",
        "NetCostType": "Net cost ",
        "CostReduced": "Kulud eurodes ühe vähendatud/seotud CO2-ekvivalenttonni kohta:",
        "Benefit": "Benefits in EUR per tonne CO2eq reduced/ sequestered:",
        "NetCost": "Net costs in EUR per tonne CO2eq reduced/ sequestered:",
        "CostPerYear": "Kulud kokku aastas eurodes:",
        "BenefitPerYear": "Absolute benefit per year in EUR:",
        "NetCostPerYear": "Net Cost per year in EUR:",
        "CostCalculatedYear": "Year for which cost has been calculated:",
        "BenefitCalculatedYear": "Year for which benefits has been calculated:",
        "NetCostCalculatedYear": "Year for which net cost has been calculated:",
        "CostReferenceYear": "Price reference year:",
        "CostDescription": "Kuluhinnangute kirjeldus (mille alusel kulusid on hinnatud, mis liiki kulusid on hinnatud, meetodid):",
        "CostDocumentation": {
          "label": "Kuluhinnangu dokumendid/allikas:",
          "Reference": "Viide:",
          "Weblink": "Veebilink:"
        },
        "BenefitDescription": "Description of benefit estimates (basis for benefit estimate, what type of benefits are included in the estimate, methodology):",
        "BenefitDocumentation": {
          "label": "Documentation/ Source of benefit estimation:",
          "Reference": "Viide:",
          "Weblink": "Veebilink:"
        }
      }
    }
  }
}