	{
  "Labels": {
    "Webform": {
      "CreatePam": "Create new PAM",
      "Title": "Monitoring Mechanism Regulation",
      "TitlePlaceholder": "Enter Title",
      "Annex": "LIITE XI",
      "Add": "Add",
      "AddPam": "Add PAM",
      "Loading": "Loading...",
      "Complete": "Complete PAM/Group"
    },
    "Overview": {
      "Group": "Policy/measure, or groups of measures",
      "Title": "Title",
      "Table1": "Taulukko 1: Alat ja kaasut, joita koskevista politiikoista ja toimista sekä toimikokonaisuuksista raportoidaan, sekä politiikkavälineen tyyppi",
      "Table2": "Taulukko 2: Yksittäisten politiikkojen ja toimien tai politiikka- ja toimikokonaisuuksien ilmastonmuutosta hillitsevien vaikutusten ennakko- ja jälkiarviointien saatavilla olevat tulokset",
      "Table3": "Taulukko 3: Ilmastonmuutosta hillitsevien yksittäisten politiikkojen ja toimien tai politiikka- ja toimikokonaisuuksien saatavilla olevat ennakoidut ja toteutuneet kustannukset ja hyödyt",
      "new_table": "Create Table",
      "edit_table": "Edit Table",
      "delete_pam": "Delete"
    },
    "Table1": {
      "Title": "Title for this PAM/Group",
      "isGroup": {
        "label": "Is this a single policy/measure or a group of policies or measures?",
        "placeholder": "teeest",
        "list": {
          "single": "Single",
          "group": "Group"
        }
      },
      "PolicyGroup": {
        "label": "Which policies or measures does it cover?"
      },
      "Sectors": {
        "label": "Kohteena oleva(t) sektori(t):",
        "placeholder": "Select Sector(s)",
        "list": {
          "Energy_Supply": "Energiahuolto (johon sisältyvät polttoaineiden poraus ja louhinta, siirtäminen, jakelu ja varastointi sekä energian- ja sähköntuotanto)",
          "Energy_Consumption": "Energiankulutus (johon sisältyy kotitalouksien, palvelualan, teollisuuden ja maatalouden kaltaisten loppukäyttäjien polttoaineiden ja sähkön kulutus)",
          "Transport": "Liikenne",
          "Industrial_Processes": "Teolliset prosessit (joihin sisältyvät raaka-aineita kemiallisesti tai fyysisesti muuntava teollinen toiminta, joka aiheuttaa kasvihuonekaasupäästöjä, kasvihuonekaasujen käyttö tuotteissa ja fossiilisten polttoaineiden hiilen muu kuin energiakäyttö)",
          "Agriculture": "Maatalous",
          "LULUCF": "Maankäyttö, maankäytön muutos ja metsätalous",
          "Waste": " Jätehuolto/jätteet",
          "Cross-cutting": "Monialaiset toimet",
          "Other": "Muut alat"
        },
        "shortlist": {
          "Energy_Supply": "Energiahuolto",
          "Energy_Consumption": "Energiankulutus",
          "Transport": "Liikenne",
          "Industrial_Processes": "Teolliset prosessit",
          "Agriculture": "Maatalous",
          "LULUCF": "Maankäyttö, maankäytön muutos ja metsätalous",
          "Waste": "Jätehuolto/jätteet",
          "Cross-cutting": "Monialaiset toimet",
          "Other": "Muut alat"
        }
      },
      "GreenhouseGases": {
        "label": "Greenhouse gas(es) affected:",
        "placeholder": "Select Gas(es)",
        "list": {
          "CO2": "Hiilidioksidi (CO2)",
          "CH4": "Metaani (CH4)",
          "N2O": "Typpioksiduuli (N2O)",
          "HFC": "Fluorihiilivedyt (HFC-yhdisteet)",
          "PFC": "Perfluorihiilivedyt (PFC-yhdisteet)",
          "SF6": "Rikkiheksafluoridi (SF6)",
          "NF3": "Typpitrifluoridi (NF3)"
        }
      },
      "Objective": {
        "label": "Tavoite:",
        "placeholder": "Select Objective",
        "select": "Select Objective",
        "list": {
          "ES_renewable": "Uusiutuvan energian käytön lisääminen",
          "ES_Fuels_witch": "Siirtyminen vähemmän hiili-intensiivisiin polttoaineisiin",
          "ES_nuclear": "Uusiutumattoman vähähiilisen energiatuotannon tehostaminen (ydinvoima)",
          "ES_loss_reduction": "Hävikin vähentäminen",
          "ES_efficiency": "Tehokkuuden parantaminen energia-alalla ja energian muuntamisessa",
          "ES_CSS": "Hiilen talteenotto ja varastointi",
          "ES_fugitive_emissions": "Energiantuotannon hajapäästöjen torjunta",
          "ES_other": "Muu energiahuolto",
          "EC_efficiency_buildings": "Rakennusten energiatehokkuuden parantaminen",
          "EC_efficiency_appliances": "Laitteiden energiatehokkuuden parantaminen",
          "EC_efficiency_services": "Palveluiden/palvelualan energiatehokkuuden parantaminen",
          "EC_efficiency_industry": "Energiatehokkuuden parantaminen teollisuuden loppukäyttöaloilla",
          "EC_demand_reduction": "Kysynnän hallinta/vähentäminen",
          "EC_other": "Muu energian kulutus",
          "TR_vehicle_efficiency": "Ajoneuvojen energiatehokkuuden parantaminen",
          "TR_modal_shift": "Siirtyminen joukkoliikenteeseen tai moottorittomaan liikenteeseen",
          "TR_electric_cars": "Vähähiiliset polttoaineet/sähköautot",
          "TR_demand_reduction": "Kysynnän hallinta/vähentäminen",
          "TR_improved_behaviour": "Liikennekäyttäytymisen parantaminen",
          "TR_improved_infrastructure": "Liikenneinfrastruktuurin parantaminen",
          "TR_other": "Muu liikenne",
          "IP_abatement_technologies": "Puhdistustekniikan asentaminen",
          "IP_F-gas_reduction": "Fluorattujen kaasujen päästöjen vähentäminen",
          "IP_F-gas_replacement": "Fluorattujen kaasujen korvaaminen muilla aineilla",
          "IP_fugitive_emissions_control": " Teollisten prosessien hajapäästöjen torjunnan parantaminen",
          "IP_other": "Muut teolliset prosessit",
          "WA_demand_reduction": "Kysynnän hallinta/vähentäminen",
          "WA_Recycling": "Kierrätyksen tehostaminen",
          "WA_Methane_collection": "Metaanin (CH4) talteenotto ja käyttö",
          "WA_improved_treatment": " Käsittelytekniikan parantaminen",
          "WA_improved_landfill_management": "Kaatopaikkojen hallinnoinnin parantaminen",
          "WA_waste_to_energy": "Jätteiden polttaminen ja energian käyttö",
          "WA_wastewater": "jätevesihuoltojärjestelmien parantaminen",
          "WA_reduced_landfilling": "Jätteiden kaatopaikoille sijoittamisen vähentäminen",
          "WA_other": "Muut jätteet",
          "AG_Fertilizer_use": "Lannoitteiden/lannan käytön vähentäminen viljelysmaalla",
          "AG_cropland_management": "Muut viljelysmaan hoitoa parantavat toimet",
          "AG_livestock_management": "Eläintuotannon järjestelmien parantaminen",
          "AG_animal_waste": "Eläinperäisten jätteiden käsittelyn parantaminen",
          "AG_grazing_land_or_grassland": "Laidunmaiden tai niittyjen hoitoa parantavat toimet",
          "AG_organic_soils": "Eloperäisen maan hoidon parantaminen",
          "AG_other": "Muut maatalouden toimet",
          "LULUCF_afforestation_reforestation": "Metsittäminen ja uudelleenmetsittäminen",
          "LULUCF_carbon_conservation": "Hiilen säilyttäminen nykyisissä metsissä",
          "LULUCF_forest_production": "Puuntuotannon lisääminen nykyisissä metsissä",
          "LULUCF_hwp_pool": "Käytössä olevien puutuotteiden määrän lisääminen",
          "LULUCF_forest_management": "Metsänhoidon parantaminen",
          "LULUCF_deforestation_prevention": "Metsänhävityksen estäminen",
          "LULUCF_protection_against_natural_disturbances": "Suojautumisen tehostaminen luonnonhäiriöitä vastaan",
          "LULUCF_substitution_with_HWP": "Runsaasti kasvihuonekaasuja tuottavien raaka-aineiden ja materiaalien korvaaminen puutuotteilla",
          "LULUCF_wetlands": "Kosteikkojen ojituksen välttäminen ja uudelleenvettäminen",
          "LULUCF_degraded_lands": "Huonontuneen maaperän ennallistaminen",
          "LULUCF_other": "Muut LULUCF-toimet",
          "CC_framework": "Puitepolitiikka",
          "CC_multi-sectoral": "Monialainen politiikka",
          "CC_other": "Muut monialaiset kysymykset"
        }
      },
      "ObjectiveOther": {
        "label": "Other objectives list",
        "sectors": "Select sector",
        "text": "Objective Name",
        "remove": "Remove objective"
      },
      "ObjectiveQuantified": {
        "label": "Määrällinen tavoite",
        "placeholder": "Määrällinen tavoite"
      },
      "Description": {
        "label": "Lyhyt kuvaus:",
        "placeholder": "Type Description"
      },
      "isEnvisaged": {
        "label": "Is the policy or measure envisaged with a view to limiting GHG emissions beyond the Member State commitments under Decision No 406/2009/EC?",
        "list": {
          "yes": "Yes",
          "no": "No"
        }
      },
      "PolicyInstrument": {
        "label": "Politiikkavälineen tyyppi:",
        "placeholder": "Select Policy Instrument",
        "list": {
          "Economic": "Taloudelliset toimet",
          "Fiscal": "Verotusta koskevat toimet",
          "Voluntary": "Vapaaehtoiset/Neuvotellut sopimukset",
          "Regulatory": "Sääntelytoimet",
          "Information": "Tiedotustoimet",
          "Education": "Koulutustoimet",
          "Research": "Tutkimustoimet",
          "Planning": "Suunnittelutoimet",
          "Other": "Muut"
        }
      },
      "UnionPolicy": {
        "label": "Unionin politiikka, joka johti politiikan tai toimen täytäntöönpanoon	:",
        "other": "Enter other Union Policy",
        "related": "Related",
        "not_related": "Non related",
        "list": {
          "ETS_directive": "EU ETS directive 2003/87/EC as  amended by Directive 2008/101/EC and Directive 2009/29/EC and implementing legislation, in particular 2010/2/EU, 2011/278/EU and 2011/638/EU",
          "Effort_Sharing_Decision": "Effort Sharing Decision 406/2009/EC",
          "RES_directive": "RES directive 2009/28/EC",
          "CO2_and_cars_and_vans_regulations": "Regulation on CO2 from cars and vans (2009/443/EC and no. 510/2011)",
          "Recast_of_EPBD": "Recast of the Energy Performance of Buildings Directive (Directive 2010/31/EU)",
          "Eco-design_Labelling_directives": "Eco-design framework directive 2005/32/EC and its implementing regulations, combined with Labelling Directive 2003/66/EC and 2010/30/EC, including implementing measures (1)",
          "F-gas_Regulation": "F-gas Regulation 2006/842/EC",
          "Motor_Vehicles_Directive": "Motor Vehicles Directive 2006/40/EC",
          "Geological_storage": "Directive on the geological storage of CO2 2009/31/EC",
          "Cogeneration_Directive": "Cogeneration Directive 2004/8/EC",
          "End-use_and_energy_services": "Directive 2006/32/EC on end-use energy efficiency and energy services",
          "Energy_Star_Program": "Energy Star Program",
          "Internal_energy_market": "Completion of the internal energy market (including provisions of the 3d package)",
          "Energy_Taxation_Directive": " Energy Taxation Directive 2003/96/EC",
          "IED": "Industrial emissions Directive 2010/75/EU (Recast of IPPC Directive 2008/1/EC and Large Combustion Plant Directive 2001/80/EC)",
          "NEC": "Directive on national emissions' ceilings for certain pollutants 2001/81/EC",
          "Water_Framework": "Water Framework Directive 2000/60/EC",
          "EURO_5_and_6": "Regulation EURO 5 and 6 2007/715/EC",
          "Euro_6_for_HDV": "Regulation Euro VI for heavy duty vehicles 2009/595/EC",
          "FQD": "Fuel Quality Directive 2009/30/EC",
          "Biofuels_directive": "Biofuels directive 2003/30/EC",
          "Landfill_Directive": "Landfill Directive 1999/31/EC",
          "Waste_Directive": "Waste Directive 2006/12/EC",
          "Waste_Management_Framework_Directive": "Waste Management Framework Directive 2008/98/EC",
          "Nitrate_Directive": "Nitrate Directive 1991/676/EEC",
          "CAP_Reform": "Common Agricultural Policy (CAP) Reform 2006/144/EC",
          "CAP_Health_Check_and_Set_aside": "CAP “Health Check” 2008 and the “Set aside” regulation 73/2009",
          "Eurovignette_Directive": "Eurovignette Directive on road infrastructure charging 2011/76/EU",
          "Clean_and_Energy_Efficient_Vehicles": "Directive on the Promotion of Clean and Energy Efficient Road Transport Vehicles 2009/33/EC",
          "Other_EU": "Other (Union policy not listed above or additional Union policy)",
          "Non_EU-related_PAM": "PAM not related to Union policies"
        }
      },
      "ImplementationStatus": {
        "label": "Täytäntöönpanon tila:",
        "list": {
          "Planned": "Suunniteltu",
          "Adopted": "Hyväksytty",
          "Implemented": "Pantu täytäntöön",
          "Expired": "Päättynyt (Politiikat ja toimet, jotka ovat päättyneet, on raportoitava mallissa vain, jos ne vaikuttavat tai niiden odotetaan edelleen vaikuttavan kasvihuonekaasupäästöihin)"
        }
      },
      "ImplementationPeriod": {
        "label": "Täytäntöönpanoaika:",
        "start": "Alku",
        "finish": "Loppu"
      },
      "ProjectionsScenario": {
        "label": "Ennusteskenaario, johon politiikka tai toimi sisältyy:",
        "list": {
          "WEM": "With existing measures",
          "WAM": "With additional measures"
        }
      },
      "Entities": {
        "label": "Politiikan täytäntöönpanosta vastaavat tahot :",
        "addMore": "Add Entity",
        "remove": "Remove Entity",
        "current": "Current entity list",
        "type": "Entity type",
        "name": "Entity name:",
        "list": {
          "Government": "Kansallinen hallitus",
          "Regional": "Alueelliset yksiköt",
          "Local": "Paikallishallinto",
          "Companies": "Yritykset/teollisuusjärjestöt",
          "Research": "Tutkimuslaitokset",
          "Other": "Muut tahot"
        }
      },
      "Indicators": {
        "label": "Indikaattorit, joilla seurataan ja arvioidaan edistymistä ajan mittaan:",
        "current": "Current Indicators list",
        "addMore": "Add More",
        "remove": "Remove Indicator",
        "desc": "Kuvaus",
        "Year": "Vuosi",
        "Value": "Value"
      },
      "Reference": {
        "label": "Viitteet arviointeihin ja niiden perusteena oleviin teknisiin raportteihin:",
        "Text": "Reference",
        "Url": "URL:"
      },
      "Comments": {
        "label": "Yleiset huomautukset:"
      }
    },
    "Table2": {
      "PAM": {
        "label": "Group of policies and measures:"
      },
      "PolicyImpact": {
        "label": "EU:n päästökauppajärjestelmän (ETS) tai taakanjakopäätöksen (ESD) alaisiin päästöihin vaikuttava politiikka :",
        "EU_ETS": "EU ETS",
        "ESD": "ESD",
        "LULUCF": "Markanvändning, förändrad markanvändning och skogsbruk",
        "Total": "Yhteensä"
      },
      "Exante": {
        "Title": "Ennakkoarviointi"
      },
      "ExanteEmissions": {
        "label": "GHG emissions reductions for year:"
      },
      "Expost": {
        "Title": "Jälkiarviointi",
        "Year": "Vuosi, jota vähennys koskee:",
        "Average": "Kasvihuonekaasupäästöjen keskimääräinen väheneminen :",
        "remove": "Remove Entry"
      },
      "ExpostEmissions": {
        "label": "GHG emissions reductions (kt CO2-equivalent per year):"
      },
      "BasisExplanation": {
        "label": "Hillitsemistä koskevien arvioiden perusteiden selitys:"
      },
      "AffectedFactors": {
        "label": "Tekijät, joihin politiikat ja toimet ovat vaikuttaneet:"
      },
      "Documentation": {
        "label": "Asiakirjat/arvion lähde, jos saatavilla:",
        "Reference": "Reference:",
        "Weblink": "Weblink:"
      }
    },
    "Table3": {
      "PAM": {
        "label": "Group of policies and measures:"
      },
      "Costs": {
        "Projected": "Projected costs and benefits",
        "Realised": "Realised costs and benefits",
        "CostType": "Cost ",
        "BenefitType": "Benefit ",
        "NetCostType": "Net cost ",
        "CostReduced": "Kustannukset euroina yhtä vähennettyä/sidottua CO2-ekvivalenttitonnia kohti:",
        "Benefit": "Benefits in EUR per tonne CO2eq reduced/ sequestered:",
        "NetCost": "Net costs in EUR per tonne CO2eq reduced/ sequestered:",
        "CostPerYear": "Absolute costs per year in EUR:",
        "BenefitPerYear": "Absoluuttiset kustannukset vuodessa euroina :",
        "NetCostPerYear": "Net Cost per year in EUR:",
        "CostCalculatedYear": "Year for which cost has been calculated:",
        "BenefitCalculatedYear": "Year for which benefits has been calculated:",
        "NetCostCalculatedYear": "Year for which net cost has been calculated:",
        "CostReferenceYear": "Price reference year:",
        "CostDescription": "Description of cost estimates (Basis for cost estimate, what type of costs are included):",
        "CostDocumentation": {
          "label": "Asiakirjat/Kustannusarvion lähde:",
          "Reference": "Reference:",
          "Weblink": "Weblink:"
        },
        "BenefitDescription": "Description of benefit estimates (basis for benefit estimate, what type of benefits are included in the estimate, methodology):",
        "BenefitDocumentation": {
          "label": "Documentation/ Source of benefit estimation:",
          "Reference": "Reference:",
          "Weblink": "Weblink:"
        }
      }
    }
  }
}