{
  "Labels": {
    "Webform": {
      "CreatePam": "Create new PAM",
      "Title": "Monitoring Mechanism Regulation",
      "TitlePlaceholder": "Enter Title",
      "Annex": "ZAŁĄCZNIK XI",
      "Add": "Add",
      "AddPam": "Add PAM",
      "Loading": "Loading...",
      "Complete": "Complete PAM/Group"
    },
    "Overview": {
      "Group": "Policy/measure, or groups of measures",
      "Title": "Title",
      "Table1": "Tabela 1: Sektory i gazy w odniesieniu do zgłaszania informacji na temat polityk i środków, grup środków i rodzaju instrumentu polityki",
      "Table2": "Tabela 2: Dostępne wyniki ocen ex ante i ex post dotyczących wpływu poszczególnych rodzajów polityki lub grup polityki i środków na łagodzenie zmiany klimatu",
      "Table3": "Tabela 3: Dostępne prognozowane i poniesione koszty i korzyści związane z poszczególnymi rodzajami polityki lub grupami polityki i środków w zakresie łagodzenia zmiany klimatu",
      "new_table": "Create Table",
      "edit_table": "Edit Table",
      "delete_pam": "Delete"
    },
    "Table1": {
      "Title": "Title for this PAM/Group",
      "isGroup": {
        "label": "Is this a single policy/measure or a group of policies or measures?",
        "placeholder": "teeest",
        "list": {
          "single": "Single",
          "group": "Group"
        }
      },
      "PolicyGroup": {
        "label": "Which policies or measures does it cover?"
      },
      "Sectors": {
        "label": "Objęty sektor lub sektory:",
        "placeholder": "Select Sector(s)",
        "list": {
          "Energy_Supply": "Dostawa energii (w tym wydobycie, przesył, dystrybucja i składowanie paliw oraz produkcja energii i energii elektrycznej)",
          "Energy_Consumption": "Zużycie energii (w tym zużycie paliw i energii elektrycznej przez użytkowników końcowych, takich jak gospodarstwa domowe, usługi, przemysł i rolnictwo)",
          "Transport": "Transport",
          "Industrial_Processes": "Procesy przemysłowe (w tym działalność przemysłowa (w ramach której w sposób chemiczny lub fizyczny przekształca się materiały, co prowadzi do emisji gazów cieplarnianych, wykorzystanie gazów cieplarnianych w produktach i nieenergetyczne wykorzystanie paliw kopalnych (węgla)",
          "Agriculture": " Rolnictwo",
          "LULUCF": "Użytkowanie gruntów, zmiana użytkowania gruntów i leśnictwo",
          "Waste": "Gospodarowanie odpadami/odpady",
          "Cross-cutting": "Przekrojowy i",
          "Other": "Sektor inne"
        },
        "shortlist": {
          "Energy_Supply": "Dostawa energii ",
          "Energy_Consumption": "Zużycie energii ",
          "Transport": "Transport",
          "Industrial_Processes": "Procesy przemysłowe",
          "Agriculture": "Rolnictwo",
          "LULUCF": "Użytkowanie gruntów, zmiana użytkowania gruntów i leśnictwo",
          "Waste": "Gospodarowanie odpadami/odpady",
          "Cross-cutting": "Przekrojowy ",
          "Other": "Sektor inne"
        }
      },
      "GreenhouseGases": {
        "label": "Greenhouse gas(es) affected:",
        "placeholder": "Select Gas(es)",
        "list": {
          "CO2": "Dwutlenek węgla (CO2)",
          "CH4": "Metan (CH4)",
          "N2O": "Podtlenek azotu (N2O)",
          "HFC": "Fluorowęglowodory (HFC)",
          "PFC": "Perfluorowęglowodory (PFC)",
          "SF6": "Heksafluorek siarki (SF6)",
          "NF3": "Trójfluorek azotu (NF3)"
        }
      },
      "Objective": {
        "label": "Cel:",
        "placeholder": "Select Objective",
        "select": "Select Objective",
        "list": {
          "ES_renewable": "Wzrost w zakresie wykorzystania energii ze źródeł odnawialnych",
          "ES_Fuels_witch": "Przejście na mniej emisyjne paliwa kopalne",
          "ES_nuclear": "Wytwarzanie większej ilości niskoemisyjnej energii (jądrowej) z nieodnawialnych źródeł",
          "ES_loss_reduction": "Zmniejszenie strat",
          "ES_efficiency": "Poprawa efektywności w sektorze energetycznym i przemian energetycznych",
          "ES_CSS": " Wychwytywanie i składowanie dwutlenku węgla",
          "ES_fugitive_emissions": "Kontrola emisji niezorganizowanych związanych z produkcją energii",
          "ES_other": "Inne dostawy energii",
          "EC_efficiency_buildings": "Poprawa efektywności energetycznej budynków",
          "EC_efficiency_appliances": "Poprawa efektywności energetycznej urządzeń",
          "EC_efficiency_services": "Poprawa efektywności energetycznej usług/sektora usług",
          "EC_efficiency_industry": "Poprawa efektywności energetycznej w przemysłowych sektorach użytkowników końcowych",
          "EC_demand_reduction": "Zarządzanie popytem/ograniczenie popytu",
          "EC_other": "Inne zużycie energii",
          "TR_vehicle_efficiency": "Poprawa efektywności energetycznej pojazdów",
          "TR_modal_shift": "Przejście na inne formy transportu publicznego lub niezmotoryzowanego",
          "TR_electric_cars": "Samochody zasilane paliwami o niskiej zawartości dwutlenku węgla/samochody elektryczne",
          "TR_demand_reduction": "Zarządzanie popytem/ograniczenie popytu",
          "TR_improved_behaviour": "Poprawa zachowań społecznych",
          "TR_improved_infrastructure": "Ulepszona infrastruktura transportowa",
          "TR_other": "Inne rodzaje transportu",
          "IP_abatement_technologies": "Wdrażanie technologii redukcji zanieczyszczeń",
          "IP_F-gas_reduction": "Zmniejszenie emisji gazów fluorowanych",
          "IP_F-gas_replacement": "Zastąpienie gazów fluorowanych innymi substancjami",
          "IP_fugitive_emissions_control": "Zwiększona kontrola emisji niezorganizowanych z procesów przemysłowych",
          "IP_other": "Inne procesy przemysłowe",
          "WA_demand_reduction": "Zarządzanie popytem/ograniczenie popytu",
          "WA_Recycling": "Zintensyfikowany recykling",
          "WA_Methane_collection": "Zintensyfikowane gromadzenie i wykorzystanie CH4",
          "WA_improved_treatment": "Udoskonalone technologie przetwarzania odpadów",
          "WA_improved_landfill_management": "Poprawa zarządzania składowiskami",
          "WA_waste_to_energy": "Spalanie odpadów z wykorzystaniem energii",
          "WA_wastewater": "Usprawniona gospodarka ściekowa",
          "WA_reduced_landfilling": "Ograniczone składowanie",
          "WA_other": " Inne rodzaje odpadów",
          "AG_Fertilizer_use": "Zmniejszenie ilości stosowanych nawozów/obornika na gruntach uprawnych",
          "AG_cropland_management": " Inne rodzaje działalności korzystnie wpływające na gospodarkę gruntami uprawnymi",
          "AG_livestock_management": "Poprawa gospodarki hodowlanej",
          "AG_animal_waste": "Poprawa gospodarki odpadami zwierzęcymi",
          "AG_grazing_land_or_grassland": "Rodzaje działalności korzystnie wpływające na gospodarkę pastwiskami lub użytkami zielonymi",
          "AG_organic_soils": "Poprawa gospodarki glebami organicznymi",
          "AG_other": " Inna działalność rolnicza",
          "LULUCF_afforestation_reforestation": "Zalesianie i ponowne zalesianie",
          "LULUCF_carbon_conservation": "Ochrona węgla w istniejących lasach",
          "LULUCF_forest_production": "Zwiększenie produkcji w istniejących lasach",
          "LULUCF_hwp_pool": "Zwiększenie zasobu pozyskanych produktów drzewnych",
          "LULUCF_forest_management": "Poprawa gospodarki leśnej",
          "LULUCF_deforestation_prevention": "Zapobieganie wylesianiu",
          "LULUCF_protection_against_natural_disturbances": "Wzmocnienie ochrony przed zjawiskami katastrofalnymi",
          "LULUCF_substitution_with_HWP": "Zastąpienie surowców i materiałów wiążących się z intensywnymi emisjami gazów cieplarnianych pozyskanymi produktami drzewnymi",
          "LULUCF_wetlands": "Zapobieganie osuszaniu lub ponowne nawadnianie terenów podmokłych",
          "LULUCF_degraded_lands": "Odtworzenie terenów zdegradowanych",
          "LULUCF_other": "Inne formy LULUCF",
          "CC_framework": "Polityka ramowa",
          "CC_multi-sectoral": "Polityka wielosektorowa",
          "CC_other": "Inne działania przekrojowe"
        }
      },
      "ObjectiveOther": {
        "label": "Other objectives list",
        "sectors": "Select sector",
        "text": "Objective Name",
        "remove": "Remove objective"
      },
      "ObjectiveQuantified": {
        "label": "Cel ilościowy",
        "placeholder": "Cel ilościowy"
      },
      "Description": {
        "label": "Krótki opis:",
        "placeholder": "Type Description"
      },
      "isEnvisaged": {
        "label": "Is the policy or measure envisaged with a view to limiting GHG emissions beyond the Member State commitments under Decision No 406/2009/EC?",
        "list": {
          "yes": "Yes",
          "no": "No"
        }
      },
      "PolicyInstrument": {
        "label": "Rodzaj instrumentu polityki:",
        "placeholder": "Select Policy Instrument",
        "list": {
          "Economic": "Gospodarcze",
          "Fiscal": "Budżetowe",
          "Voluntary": "Umowy dobrowolne/negocjowane",
          "Regulatory": "Regulacyjne, ",
          "Information": "Informacyjne",
          "Education": "Oświatowe",
          "Research": "Z zakresu badań",
          "Planning": "Z zakresu planowania",
          "Other": "Inne"
        }
      },
      "UnionPolicy": {
        "label": "Polityka Unii, która doprowadziła do wdrożenia polityk i środków:",
        "other": "Enter other Union Policy",
        "related": "Related",
        "not_related": "Non related",
        "list": {
          "ETS_directive": "EU ETS directive 2003/87/EC as  amended by Directive 2008/101/EC and Directive 2009/29/EC and implementing legislation, in particular 2010/2/EU, 2011/278/EU and 2011/638/EU",
          "Effort_Sharing_Decision": "Effort Sharing Decision 406/2009/EC",
          "RES_directive": "RES directive 2009/28/EC",
          "CO2_and_cars_and_vans_regulations": "Regulation on CO2 from cars and vans (2009/443/EC and no. 510/2011)",
          "Recast_of_EPBD": "Recast of the Energy Performance of Buildings Directive (Directive 2010/31/EU)",
          "Eco-design_Labelling_directives": "Eco-design framework directive 2005/32/EC and its implementing regulations, combined with Labelling Directive 2003/66/EC and 2010/30/EC, including implementing measures (1)",
          "F-gas_Regulation": "F-gas Regulation 2006/842/EC",
          "Motor_Vehicles_Directive": "Motor Vehicles Directive 2006/40/EC",
          "Geological_storage": "Directive on the geological storage of CO2 2009/31/EC",
          "Cogeneration_Directive": "Cogeneration Directive 2004/8/EC",
          "End-use_and_energy_services": "Directive 2006/32/EC on end-use energy efficiency and energy services",
          "Energy_Star_Program": "Energy Star Program",
          "Internal_energy_market": "Completion of the internal energy market (including provisions of the 3d package)",
          "Energy_Taxation_Directive": " Energy Taxation Directive 2003/96/EC",
          "IED": "Industrial emissions Directive 2010/75/EU (Recast of IPPC Directive 2008/1/EC and Large Combustion Plant Directive 2001/80/EC)",
          "NEC": "Directive on national emissions' ceilings for certain pollutants 2001/81/EC",
          "Water_Framework": "Water Framework Directive 2000/60/EC",
          "EURO_5_and_6": "Regulation EURO 5 and 6 2007/715/EC",
          "Euro_6_for_HDV": "Regulation Euro VI for heavy duty vehicles 2009/595/EC",
          "FQD": "Fuel Quality Directive 2009/30/EC",
          "Biofuels_directive": "Biofuels directive 2003/30/EC",
          "Landfill_Directive": "Landfill Directive 1999/31/EC",
          "Waste_Directive": "Waste Directive 2006/12/EC",
          "Waste_Management_Framework_Directive": "Waste Management Framework Directive 2008/98/EC",
          "Nitrate_Directive": "Nitrate Directive 1991/676/EEC",
          "CAP_Reform": "Common Agricultural Policy (CAP) Reform 2006/144/EC",
          "CAP_Health_Check_and_Set_aside": "CAP “Health Check” 2008 and the “Set aside” regulation 73/2009",
          "Eurovignette_Directive": "Eurovignette Directive on road infrastructure charging 2011/76/EU",
          "Clean_and_Energy_Efficient_Vehicles": "Directive on the Promotion of Clean and Energy Efficient Road Transport Vehicles 2009/33/EC",
          "Other_EU": "Other (Union policy not listed above or additional Union policy)",
          "Non_EU-related_PAM": "PAM not related to Union policies"
        }
      },
      "ImplementationStatus": {
        "label": "Status wdrażania:",
        "list": {
          "Planned": "planowane",
          "Adopted": "przyjęte",
          "Implemented": "wdrożone",
          "Expired": "zakończone (Polityki i środki, których termin upłynął, należy zgłosić w formie szablonu tylko wtedy, gdy oddziałują lub oczekuje się, że nadal będą oddziaływać na emisje gazów cieplarnianych)"
        }
      },
      "ImplementationPeriod": {
        "label": "Okres wdrażania:",
        "start": "Rozpoczęcie",
        "finish": "Zakończenie"
      },
      "ProjectionsScenario": {
        "label": "Scenariusz prognoz, do którego włączono rozwiązania i środki polityczne:",
        "list": {
          "WEM": "With existing measures",
          "WAM": "With additional measures"
        }
      },
      "Entities": {
        "label": "Podmioty odpowiedzialne za wdrażanie polityk:",
        "addMore": "Add Entity",
        "remove": "Remove Entity",
        "current": "Current entity list",
        "type": "Entity type",
        "name": "Entity name:",
        "list": {
          "Government": "National government",
          "Regional": "Regional entities",
          "Local": "Local government",
          "Companies": "Companies / businesses / industrial associations",
          "Research": "Research institutions",
          "Other": "Other"
        }
      },
      "Indicators": {
        "label": "Wskaźniki wykorzystywane do monitorowania i oceny postępów w miarę upływu czasu:",
        "current": "Current Indicators list",
        "addMore": "Add More",
        "remove": "Remove Indicator",
        "desc": "Opis",
        "Year": "Rok",
        "Value": "Value"
      },
      "Reference": {
        "label": "Odniesienia do ocen i pomocniczych sprawozdań technicznych:",
        "Text": "Reference",
        "Url": "URL:"
      },
      "Comments": {
        "label": "Uwagi ogólne:"
      }
    },
    "Table2": {
      "PAM": {
        "label": "Group of policies and measures:"
      },
      "PolicyImpact": {
        "label": "Policy impacting EU ETS or ESD emissions:",
        "EU_ETS": "EU ETS",
        "ESD": "ESD",
        "LULUCF": "Land use, land-use change and forestry",
        "Total": "Total"
      },
      "Exante": {
        "Title": "Ocena ex ante"
      },
      "ExanteEmissions": {
        "label": "GHG emissions reductions for year:"
      },
      "Expost": {
        "Title": "Ocena ex post",
        "Year": "Rok, w którym zastosowano zmniejszenie:",
        "Average": "Średnie zmniejszenie emisji :",
        "remove": "Remove Entry"
      },
      "ExpostEmissions": {
        "label": "GHG emissions reductions (kt CO2-equivalent per year):"
      },
      "BasisExplanation": {
        "label": "Wyjaśnienie podstawy służącej do łagodzenia oszacowań:"
      },
      "AffectedFactors": {
        "label": "Czynniki, na które miały wpływ polityka i środki:"
      },
      "Documentation": {
        "label": "Dokumenty/źródła oszacowania, jeżeli są dostępne :",
        "Reference": "Reference:",
        "Weblink": "Weblink:"
      }
    },
    "Table3": {
      "PAM": {
        "label": "Group of policies and measures:"
      },
      "Costs": {
        "Projected": "Przewidywane koszty i korzyści",
        "Realised": "Poniesione koszty i korzyści",
        "CostType": "Cost ",
        "BenefitType": "Benefit ",
        "NetCostType": "Net cost ",
        "CostReduced": "Koszty w EUR na tonę ograniczonego/pochłoniętego ekwiwalentu CO2:",
        "Benefit": "Benefits in EUR per tonne CO2eq reduced/ sequestered:",
        "NetCost": "Net costs in EUR per tonne CO2eq reduced/ sequestered:",
        "CostPerYear": "Absolute costs per year in EUR:",
        "BenefitPerYear": "Koszty bezwzględne na rok w EUR:",
        "NetCostPerYear": "Net Cost per year in EUR:",
        "CostCalculatedYear": "Year for which cost has been calculated:",
        "BenefitCalculatedYear": "Year for which benefits has been calculated:",
        "NetCostCalculatedYear": "Year for which net cost has been calculated:",
        "CostReferenceYear": "Price reference year:",
        "CostDescription": "Description of cost estimates (basis for cost estimate, what type of costs are included in the estimate, methodology):",
        "CostDocumentation": {
          "label": "Dokumentacja/źródło szacunku kosztów:",
          "Reference": "Reference:",
          "Weblink": "Weblink:"
        },
        "BenefitDescription": "Description of benefit estimates (basis for benefit estimate, what type of benefits are included in the estimate, methodology):",
        "BenefitDocumentation": {
          "label": "Documentation/ Source of benefit estimation:",
          "Reference": "Reference:",
          "Weblink": "Weblink:"
        }
      }
    }
  }
}