{
  "Labels": {
    "Webform": {
      "CreatePam": "Create new PAM",
      "Title": "Monitoring Mechanism Regulation",
      "TitlePlaceholder": "Enter Title",
      "Annex": "PRILOGA XI",
      "Add": "Add",
      "AddPam": "Add PAM",
      "Loading": "Loading...",
      "Complete": "Complete PAM/Group"
    },
    "Overview": {
      "Group": "Policy/measure, or groups of measures",
      "Title": "Title",
      "Table1": "Tabela 1: Sektorji in plini za poročanje o politikah in ukrepih ter skupinah ukrepov in vrsti instrumenta politike",
      "Table2": "Tabela 2: Razpoložljivi rezultati predhodnih in naknadnih ocen učinkov posameznih politik in ukrepov ali skupin politik in ukrepov za ublažitev podnebnih sprememb ",
      "Table3": "Tabela 3: Razpoložljivi predvideni in dejanski stroški in koristi posameznih politik in ukrepov ali skupin politik in ukrepov za ublažitev podnebnih sprememb",
      "new_table": "Create Table",
      "edit_table": "Edit Table",
      "delete_pam": "Delete"
    },
    "Table1": {
      "Title": "Title for this PAM/Group",
      "isGroup": {
        "label": "Is this a single policy/measure or a group of policies or measures?",
        "placeholder": "teeest",
        "list": {
          "single": "Single",
          "group": "Group"
        }
      },
      "PolicyGroup": {
        "label": "Which policies or measures does it cover?"
      },
      "Sectors": {
        "label": "Zadevni sektor(-ji):",
        "placeholder": "Select Sector(s)",
        "list": {
          "Energy_Supply": "Oskrba z energijo (kar vključuje pridobivanje, prenos, distribucijo in shranjevanje goriv ter proizvodnjo energije in elektrike)",
          "Energy_Consumption": "Poraba energije (kar vključuje porabo goriv in elektrike pri končnih uporabnikih, kot so gospodinjstva, storitve, industrija in kmetijstvo)",
          "Transport": "Prevoz	",
          "Industrial_Processes": "Industrijski postopki (kar vključuje industrijske dejavnosti, ki kemično ali fizično preoblikujejo materiale, posledica česar so emisije toplogrednih plinov, uporaba toplogrednih plinov v proizvodih in neenergetske uporabe ogljika iz fosilnih goriv)",
          "Agriculture": "Kmetijstvo",
          "LULUCF": "Raba zemljišč, sprememba rabe zemljišč in gozdarstvo",
          "Waste": "Ravnanje z odpadki/odpadki",
          "Cross-cutting": "Horizontalna vprašanja",
          "Other": "Drugi sektorji"
        },
        "shortlist": {
          "Energy_Supply": "Oskrba z energijo ",
          "Energy_Consumption": "Poraba energije",
          "Transport": "Transport",
          "Industrial_Processes": "Industrijski postopki",
          "Agriculture": "Kmetijstvo",
          "LULUCF": "Raba zemljišč, sprememba rabe zemljišč in gozdarstvo",
          "Waste": "Ravnanje z odpadki/odpadki",
          "Cross-cutting": "Horizontalna vprašanja",
          "Other": "Drugi sektorji"
        }
      },
      "GreenhouseGases": {
        "label": "Greenhouse gas(es) affected:",
        "placeholder": "Select Gas(es)",
        "list": {
          "CO2": "Ogljikov dioksid (CO2)",
          "CH4": "Metan (CH4)",
          "N2O": "Dušikov oksid (N2O)",
          "HFC": "Fluorirani ogljikovodiki (HFC)",
          "PFC": "Perfluorirani ogljikovodiki (PFC)",
          "SF6": "žveplov heksafluorid (SF6)",
          "NF3": "Dušikov trifluorid (NF3)"
        }
      },
      "Objective": {
        "label": "Cilj:",
        "placeholder": "Select Objective",
        "select": "Select Objective",
        "list": {
          "ES_renewable": "Povečanje energije iz obnovljivih virov",
          "ES_Fuels_witch": "Prehod na goriva z manjšimi emisijami ogljikovega dioksida",
          "ES_nuclear": "Okrepljena nizkoogljična proizvodnja iz neobnovljivih virov (jedrska)",
          "ES_loss_reduction": "Zmanjševanje izgub",
          "ES_efficiency": "Izboljšanje učinkovitosti v sektorju energije in njene pretvorbe",
          "ES_CSS": "Zajem in shranjevanje ogljika",
          "ES_fugitive_emissions": "Nadzor ubežnih emisij iz proizvodnje energije",
          "ES_other": "Drugo na področju oskrbe z energijo",
          "EC_efficiency_buildings": "Izboljšanje učinkovitosti stavb",
          "EC_efficiency_appliances": "Izboljšanje učinkovitosti naprav",
          "EC_efficiency_services": " Izboljšanje učinkovitosti v sektorju storitev/terciarnem sektorju",
          "EC_efficiency_industry": "Izboljšanje učinkovitosti v sektorjih industrijske končne uporabe",
          "EC_demand_reduction": "Obvladovanje/zmanjševanje povpraševanja",
          "EC_other": "Drugo na področju porabe energije",
          "TR_vehicle_efficiency": "Izboljšanje učinkovitosti vozil",
          "TR_modal_shift": "Prehod na javni ali nemotorizirani prevoz",
          "TR_electric_cars": "Nizkoogljična goriva/električni avtomobili",
          "TR_demand_reduction": "Obvladovanje/zmanjševanje povpraševanja",
          "TR_improved_behaviour": " Izboljšano vedenje",
          "TR_improved_infrastructure": "Izboljšana prometna infrastruktura",
          "TR_other": "Drugo na področju prometa",
          "IP_abatement_technologies": "Namestitev tehnologij za zmanjševanje emisij",
          "IP_F-gas_reduction": "Zmanjševanje emisij iz fluoriranih plinov",
          "IP_F-gas_replacement": "Nadomestitev fluoriranih plinov z drugimi snovmi",
          "IP_fugitive_emissions_control": "Boljši nadzor ubežnih emisij iz industrijskih postopkov",
          "IP_other": " Drugo na področju industrijskih postopkov",
          "WA_demand_reduction": "Obvladovanje/zmanjševanje povpraševanja",
          "WA_Recycling": "Okrepljeno recikliranje",
          "WA_Methane_collection": "Okrepljeno zbiranje in uporaba CH4",
          "WA_improved_treatment": "Izboljšane tehnologije za ravnanje z odpadki",
          "WA_improved_landfill_management": "Izboljšano obvladovanje odlaganja odpadkov",
          "WA_waste_to_energy": " Sežiganje odpadkov z uporabo energije",
          "WA_wastewater": "Izboljšani sistemi za ravnanje z odpadno vodo",
          "WA_reduced_landfilling": "Zmanjševanje odlaganja",
          "WA_other": "Drugo na področju odpadkov",
          "AG_Fertilizer_use": "Zmanjševanje uporabe gnojil/gnoja na poljih",
          "AG_cropland_management": "Druge dejavnosti za izboljšanje gospodarjenja s polji",
          "AG_livestock_management": "Izboljšanje upravljanja živali",
          "AG_animal_waste": " Izboljšanje sistemov upravljanja živalskih odpadkov",
          "AG_grazing_land_or_grassland": "Dejavnosti za izboljšanje upravljanja pašnikov ali travišč",
          "AG_organic_soils": "Izboljšano upravljanje organskih tal",
          "AG_other": "Drugo na področju kmetijstva",
          "LULUCF_afforestation_reforestation": "Pogozdovanje in ponovno pogozdovanje",
          "LULUCF_carbon_conservation": " Ohranjanje ogljika v obstoječih gozdovih, povečevanje pridelave v obstoječih gozdovih",
          "LULUCF_forest_production": "Okrepljeno upravljanje gozdov",
          "LULUCF_hwp_pool": "Preprečevanje krčenja gozdov",
          "LULUCF_forest_management": "Krepitev zaščite pred naravnimi motnjami",
          "LULUCF_deforestation_prevention": "Nadomestitev surovin in materialov",
          "LULUCF_protection_against_natural_disturbances": "Ki proizvajajo veliko toplogrednih plinov",
          "LULUCF_substitution_with_HWP": "s Pridelanimi lesenimi proizvodi",
          "LULUCF_wetlands": "Preprečevanje osuševanja ali ponovne vzpostavitve mokrišč",
          "LULUCF_degraded_lands": "Sanacija degradiranih zemljišč",
          "LULUCF_other": "Drugo na področju LULUCF",
          "CC_framework": "Okvirna politika",
          "CC_multi-sectoral": "Večsektorska politika",
          "CC_other": "Drugo na področju horizontalnih vprašanj"
        }
      },
      "ObjectiveOther": {
        "label": "Other objectives list",
        "sectors": "Select sector",
        "text": "Objective Name",
        "remove": "Remove objective"
      },
      "ObjectiveQuantified": {
        "label": "Količinsko opredeljeni cilj d",
        "placeholder": "Količinsko opredeljeni cilj d"
      },
      "Description": {
        "label": "Kratek opis:",
        "placeholder": "Type Description"
      },
      "isEnvisaged": {
        "label": "Is the policy or measure envisaged with a view to limiting GHG emissions beyond the Member State commitments under Decision No 406/2009/EC?",
        "list": {
          "yes": "Yes",
          "no": "No"
        }
      },
      "PolicyInstrument": {
        "label": "Vrsta instrumenta politike:",
        "placeholder": "Select Policy Instrument",
        "list": {
          "Economic": "	Gospodarska",
          "Fiscal": "Davčna",
          "Voluntary": "Prostovoljni/izpogajani sporazumi",
          "Regulatory": "Regulativa",
          "Information": "Obveščanje",
          "Education": "Izobraževanje",
          "Research": "Raziskave",
          "Planning": "Načrtovanje",
          "Other": "Drugo"
        }
      },
      "UnionPolicy": {
        "label": "Politika Unije, katere posledica je izvajanje PAM:",
        "other": "Enter other Union Policy",
        "related": "Related",
        "not_related": "Non related",
        "list": {
          "ETS_directive": "EU ETS directive 2003/87/EC as  amended by Directive 2008/101/EC and Directive 2009/29/EC and implementing legislation, in particular 2010/2/EU, 2011/278/EU and 2011/638/EU",
          "Effort_Sharing_Decision": "Effort Sharing Decision 406/2009/EC",
          "RES_directive": "RES directive 2009/28/EC",
          "CO2_and_cars_and_vans_regulations": "Regulation on CO2 from cars and vans (2009/443/EC and no. 510/2011)",
          "Recast_of_EPBD": "Recast of the Energy Performance of Buildings Directive (Directive 2010/31/EU)",
          "Eco-design_Labelling_directives": "Eco-design framework directive 2005/32/EC and its implementing regulations, combined with Labelling Directive 2003/66/EC and 2010/30/EC, including implementing measures (1)",
          "F-gas_Regulation": "F-gas Regulation 2006/842/EC",
          "Motor_Vehicles_Directive": "Motor Vehicles Directive 2006/40/EC",
          "Geological_storage": "Directive on the geological storage of CO2 2009/31/EC",
          "Cogeneration_Directive": "Cogeneration Directive 2004/8/EC",
          "End-use_and_energy_services": "Directive 2006/32/EC on end-use energy efficiency and energy services",
          "Energy_Star_Program": "Energy Star Program",
          "Internal_energy_market": "Completion of the internal energy market (including provisions of the 3d package)",
          "Energy_Taxation_Directive": " Energy Taxation Directive 2003/96/EC",
          "IED": "Industrial emissions Directive 2010/75/EU (Recast of IPPC Directive 2008/1/EC and Large Combustion Plant Directive 2001/80/EC)",
          "NEC": "Directive on national emissions' ceilings for certain pollutants 2001/81/EC",
          "Water_Framework": "Water Framework Directive 2000/60/EC",
          "EURO_5_and_6": "Regulation EURO 5 and 6 2007/715/EC",
          "Euro_6_for_HDV": "Regulation Euro VI for heavy duty vehicles 2009/595/EC",
          "FQD": "Fuel Quality Directive 2009/30/EC",
          "Biofuels_directive": "Biofuels directive 2003/30/EC",
          "Landfill_Directive": "Landfill Directive 1999/31/EC",
          "Waste_Directive": "Waste Directive 2006/12/EC",
          "Waste_Management_Framework_Directive": "Waste Management Framework Directive 2008/98/EC",
          "Nitrate_Directive": "Nitrate Directive 1991/676/EEC",
          "CAP_Reform": "Common Agricultural Policy (CAP) Reform 2006/144/EC",
          "CAP_Health_Check_and_Set_aside": "CAP “Health Check” 2008 and the “Set aside” regulation 73/2009",
          "Eurovignette_Directive": "Eurovignette Directive on road infrastructure charging 2011/76/EU",
          "Clean_and_Energy_Efficient_Vehicles": "Directive on the Promotion of Clean and Energy Efficient Road Transport Vehicles 2009/33/EC",
          "Other_EU": "Other (Union policy not listed above or additional Union policy)",
          "Non_EU-related_PAM": "PAM not related to Union policies"
        }
      },
      "ImplementationStatus": {
        "label": "Status of Implementation:",
        "list": {
          "Planned": "Načrtovano",
          "Adopted": "Sprejeto",
          "Implemented": "Izvedeno",
          "Expired": "Izteklo (O politikah in ukrepih, ki so se iztekli, je treba na obrazcu poročati le, če učinkujejo ali se pričakuje, da bodo še naprej učinkovali na emisije toplogrednih plinov)"
        }
      },
      "ImplementationPeriod": {
        "label": "Obdobje izvajanja:",
        "start": "Začetek",
        "finish": "Konec"
      },
      "ProjectionsScenario": {
        "label": "Scenarij projekcij, v katerega je vključen PAM:",
        "list": {
          "WEM": "With existing measures",
          "WAM": "With additional measures"
        }
      },
      "Entities": {
        "label": "Entities responsible for implementing the policy:",
        "addMore": "Add Entity",
        "remove": "Remove Entity",
        "current": "Current entity list",
        "type": "Entity type",
        "name": "Entity name:",
        "list": {
          "Government": "Nacionalna vlada",
          "Regional": "Regionalni organi",
          "Local": " Lokalna uprava",
          "Companies": "Družbe/podjetja/industrijska združenja",
          "Research": "Raziskovalne ustanove",
          "Other": "Drugo"
        }
      },
      "Indicators": {
        "label": "Kazalniki, uporabljeni za spremljanje in ocenjevanje napredka v časovnem obdobju:",
        "current": "Current Indicators list",
        "addMore": "Add More",
        "remove": "Remove Indicator",
        "desc": "Opis",
        "Year": "Leto",
        "Value": "Value"
      },
      "Reference": {
        "label": "Sklicevanje na ocene in podporna tehnična poročila:",
        "Text": "Reference",
        "Url": "URL:"
      },
      "Comments": {
        "label": "Splošne pripombe:"
      }
    },
    "Table2": {
      "PAM": {
        "label": "Group of policies and measures:"
      },
      "PolicyImpact": {
        "label": "Politika, ki vpliva na sistem EU ETS ali emisije ESD (mogoče je izbrati oboje):",
        "EU_ETS": "EU ETS",
        "ESD": "ESD",
        "LULUCF": "Raba zemljišč, sprememba rabe zemljišč in gozdarstvo",
        "Total": "Skupaj"
      },
      "Exante": {
        "Title": "Predhodna ocena"
      },
      "ExanteEmissions": {
        "label": "GHG emissions reductions for year:"
      },
      "Expost": {
        "Title": "Naknadna ocena",
        "Year": "Leto, za katero velja zmanjšanje:",
        "Average": "Povprečno zmanjšanje emisij :",
        "remove": "Remove Entry"
      },
      "ExpostEmissions": {
        "label": "GHG emissions reductions (kt CO2-equivalent per year):"
      },
      "BasisExplanation": {
        "label": "Razlaga na podlagi ocen ublažitve:"
      },
      "AffectedFactors": {
        "label": "Dejavniki, na katere vpliva PAM:"
      },
      "Documentation": {
        "label": "Dokumentacija/vir ocene, če je na voljo:",
        "Reference": "Reference:",
        "Weblink": "Weblink:"
      }
    },
    "Table3": {
      "PAM": {
        "label": "Group of policies and measures:"
      },
      "Costs": {
        "Projected": "Predvideni stroški in koristi",
        "Realised": "Dejanski stroški in koristi",
        "CostType": "Cost ",
        "BenefitType": "Benefit ",
        "NetCostType": "Net cost ",
        "CostReduced": "Stroški na tono zmanjšanega/zajetega ekvivalenta CO2 (v EUR):",
        "Benefit": "Benefits in EUR per tonne CO2eq reduced/ sequestered:",
        "NetCost": "Net costs in EUR per tonne CO2eq reduced/ sequestered:",
        "CostPerYear": "Absolute costs per year in EUR:",
        "BenefitPerYear": "Absolutni stroški na leto (v EUR) :",
        "NetCostPerYear": "Net Cost per year in EUR:",
        "CostCalculatedYear": "Year for which cost has been calculated:",
        "BenefitCalculatedYear": "Year for which benefits has been calculated:",
        "NetCostCalculatedYear": "Year for which net cost has been calculated:",
        "CostReferenceYear": "Price reference year:",
        "CostDescription": "Opis ocen stroškov (osnova za oceno stroškov, kateri stroški so vključeni v oceno, metodologija):",
        "CostDocumentation": {
          "label": "Dokumentacija/vir ocene stroškov:",
          "Reference": "Reference:",
          "Weblink": "Weblink:"
        },
        "BenefitDescription": "Description of benefit estimates (basis for benefit estimate, what type of benefits are included in the estimate, methodology):",
        "BenefitDocumentation": {
          "label": "Documentation/ Source of benefit estimation:",
          "Reference": "Reference:",
          "Weblink": "Weblink:"
        }
      }
    }
  }
}