{
  "Labels": {
    "Webform": {
      "CreatePam": "Create new PAM",
      "Title": "Monitoring Mechanism Regulation",
      "TitlePlaceholder": "Enter Title",
      "Annex": "ANEXO XI",
      "Add": "Add",
      "AddPam": "Add PAM",
      "Loading": "Loading...",
      "Complete": "Complete PAM/Group"
    },
    "Overview": {
      "Group": "Policy/measure, or groups of measures",
      "Title": "Title",
      "Table1": "Quadro 1: Setores e gases para efeitos de comunicação das políticas, medidas e grupos de medidas, e tipo de instrumento em causa",
      "Table2": "Quadro 2: Resultados disponíveis das avaliações ex ante e ex post dos efeitos de cada política e medida ou dos grupos de políticas e medidas na atenuação das alterações climáticas",
      "Table3": "Quadro 3: Custos e benefícios previstos e efetivos de cada política e medida ou dos grupos de políticas e medidas para atenuação das alterações climáticas",
      "new_table": "Create Table",
      "edit_table": "Edit Table",
      "delete_pam": "Delete"
    },
    "Table1": {
      "Title": "Title for this PAM/Group",
      "isGroup": {
        "label": "Is this a single policy/measure or a group of policies or measures?",
        "placeholder": "teeest",
        "list": {
          "single": "Single",
          "group": "Group"
        }
      },
      "PolicyGroup": {
        "label": "Which policies or measures does it cover?"
      },
      "Sectors": {
        "label": "Setor(es) abrangido(s):",
        "placeholder": "Select Sector(s)",
        "list": {
          "Energy_Supply": "Aprovisionamento energético (incluindo a extração, o transporte, a distribuição e o armazenamento de combustíveis, bem como a produção de energia e de eletricidade)",
          "Energy_Consumption": "Consumo de energia (incluindo o consumo de combustíveis e de eletricidade pelos utilizadores finais, como agregados familiares, serviços, indústria e agricultura)",
          "Transport": "Transportes",
          "Industrial_Processes": "Processos industriais (incluindo as atividades industriais que transformam materiais química ou fisicamente dando origem a emissões de gases com efeito de estufa, a utilização de gases com efeito de estufa em produtos e as utilizações não energéticas de carbono de combustíveis fósseis)",
          "Agriculture": "Agricultura",
          "LULUCF": "Utilização dos solos, reafetação dos solos e silvicultura",
          "Waste": "Gestão de resíduos/resíduos",
          "Cross-cutting": "Setores transversais",
          "Other": "Outros setores"
        },
        "shortlist": {
          "Energy_Supply": "Aprovisionamento energético",
          "Energy_Consumption": "Energy consumption",
          "Transport": "Transportes",
          "Industrial_Processes": "Processos industriais ",
          "Agriculture": "Agricultura",
          "LULUCF": "Utilização dos solos, reafetação dos solos e silvicultura",
          "Waste": "Gestão de resíduos/resíduos",
          "Cross-cutting": "Setores transversais",
          "Other": "Outros setores"
        }
      },
      "GreenhouseGases": {
        "label": "Greenhouse gas(es) affected:",
        "placeholder": "Select Gas(es)",
        "list": {
          "CO2": "Dióxido de carbono (CO2)",
          "CH4": "Metano (CH4)",
          "N2O": "óxido nitroso (N2O)",
          "HFC": "Hidrofluorocarbonetos (HFC)",
          "PFC": "Perfluorocarbonetos (PFC)",
          "SF6": "Hexafluoreto de enxofre (SF6)",
          "NF3": "trifluorido de nitrogénio (NF3)"
        }
      },
      "Objective": {
        "label": "Objetivo:",
        "placeholder": "Select Objective",
        "select": "Select Objective",
        "list": {
          "ES_renewable": "Aumento do recurso a fontes de energia renováveis",
          "ES_Fuels_witch": "Transição para combustíveis com menor intensidade de carbono",
          "ES_nuclear": "Reforço da produção hipocarbónica a partir de fontes de energia não renováveis (nuclear)",
          "ES_loss_reduction": "Redução das perdas",
          "ES_efficiency": " Melhoria da eficiência no setor da energia e transformação",
          "ES_CSS": "Captura e armazenamento de carbono",
          "ES_fugitive_emissions": "Controlo das emissões fugitivas da produção de energia",
          "ES_other": "Outras fontes de aprovisionamento energético",
          "EC_efficiency_buildings": "Melhoria da eficiência energética dos edifícios",
          "EC_efficiency_appliances": "Melhoria da eficiência energética dos aparelhos",
          "EC_efficiency_services": "Melhoria da eficiência energética nos serviços/setor terciário",
          "EC_efficiency_industry": "Melhoria da eficiência energética no setor industrial (utilização final)",
          "EC_demand_reduction": "Gestão/redução da procura",
          "EC_other": "Outro consumo de energia",
          "TR_vehicle_efficiency": "Melhoria da eficiência energética dos veículos",
          "TR_modal_shift": "Transferência modal para transportes públicos ou não motorizados",
          "TR_electric_cars": "Combustíveis hipocarbónicos/automóveis elétricos",
          "TR_demand_reduction": "Gestão/redução da procura",
          "TR_improved_behaviour": "Melhoria dos comportamentos",
          "TR_improved_infrastructure": "Melhoria da infraestrutura de transportes",
          "TR_other": "Outros transportes",
          "IP_abatement_technologies": " Instalação de tecnologias de redução das emissões",
          "IP_F-gas_reduction": "Redução das emissões de gases fluorados",
          "IP_F-gas_replacement": "Substituição dos gases fluorados por ouras substâncias",
          "IP_fugitive_emissions_control": "Imelhoria do controlo das emissões fugitivas dos processos industriais",
          "IP_other": " Outros processos industriais",
          "WA_demand_reduction": "Gestão/redução da procura",
          "WA_Recycling": "Aumento da reciclagem",
          "WA_Methane_collection": "Aumento da recolha e da utilização de CH4",
          "WA_improved_treatment": "Melhoria das tecnologias de tratamento",
          "WA_improved_landfill_management": "Melhoria da gestão de aterros",
          "WA_waste_to_energy": "Incineração de resíduos com recuperação de energia",
          "WA_wastewater": "Melhoria dos sistemas de gestão das águas residuais",
          "WA_reduced_landfilling": "Redução da deposição em aterros",
          "WA_other": "Outros resíduos",
          "AG_Fertilizer_use": " Redução da utilização de fertilizantes/estrume nas terras agrícolas",
          "AG_cropland_management": "Outras atividades para melhoria da gestão das terras agrícolas",
          "AG_livestock_management": "Melhoria da gestão do gado",
          "AG_animal_waste": "Melhoria dos sistemas de gestão dos resíduos de origem animal",
          "AG_grazing_land_or_grassland": "Atividades para melhoria da gestão dos prados e pastagens",
          "AG_organic_soils": "Melhoria da gestão dos solos orgânicos",
          "AG_other": Outras atividades agrícolas",
          "LULUCF_afforestation_reforestation": "Florestação e reflorestação",
          "LULUCF_carbon_conservation": "Conservação do carbono nas florestas existentes",
          "LULUCF_forest_production": "Aumento da produção nas florestas existentes",
          "LULUCF_hwp_pool": "Aumento do depósito dos produtos de madeira abatida",
          "LULUCF_forest_management": "Reforço da gestão florestal",
          "LULUCF_deforestation_prevention": "Prevenção da desflorestação",
          "LULUCF_protection_against_natural_disturbances": " Reforço da proteção contra perturbações naturais",
          "LULUCF_substitution_with_HWP": "Substituição das matérias-primas e materiais que emitem volumes elevados de gases com efeito de estufa por produtos de madeira abatida",
          "LULUCF_wetlands": "Prevenção da drenagem ou reumidificação das zonas húmidas",
          "LULUCF_degraded_lands": "Estauração de terras degradadas",
          "LULUCF_other": "Outras atividades USRSS",
          "CC_framework": "Política-quadro",
          "CC_multi-sectoral": "Política multisetorial",
          "CC_other": "Outras ações transversais"
        }
      },
      "ObjectiveOther": {
        "label": "Other objectives list",
        "sectors": "Select sector",
        "text": "Objective Name",
        "remove": "Remove objective"
      },
      "ObjectiveQuantified": {
        "label": "Objetivo quantificado",
        "placeholder": "Objetivo quantificado"
      },
      "Description": {
        "label": "Breve descrição:",
        "placeholder": "Type Description"
      },
      "isEnvisaged": {
        "label": "Is the policy or measure envisaged with a view to limiting GHG emissions beyond the Member State commitments under Decision No 406/2009/EC?",
        "list": {
          "yes": "Yes",
          "no": "No"
        }
      },
      "PolicyInstrument": {
        "label": "Tipo de instrumento:",
        "placeholder": "Select Policy Instrument",
        "list": {
          "Economic": "Económica",
          "Fiscal": "Orçamental",
          "Voluntary": "Acordos voluntários/negociados",
          "Regulatory": "Regulamentar",
          "Information": "Informação",
          "Education": "Educação",
          "Research": "Investigação",
          "Planning": "Planificação",
          "Other": "Outros"
        }
      },
      "UnionPolicy": {
        "label": "Política da União que deu origem à aplicação da P/M:",
        "other": "Enter other Union Policy",
        "related": "Related",
        "not_related": "Non related",
        "list": {
          "ETS_directive": "EU ETS directive 2003/87/EC as  amended by Directive 2008/101/EC and Directive 2009/29/EC and implementing legislation, in particular 2010/2/EU, 2011/278/EU and 2011/638/EU",
          "Effort_Sharing_Decision": "Effort Sharing Decision 406/2009/EC",
          "RES_directive": "RES directive 2009/28/EC",
          "CO2_and_cars_and_vans_regulations": "Regulation on CO2 from cars and vans (2009/443/EC and no. 510/2011)",
          "Recast_of_EPBD": "Recast of the Energy Performance of Buildings Directive (Directive 2010/31/EU)",
          "Eco-design_Labelling_directives": "Eco-design framework directive 2005/32/EC and its implementing regulations, combined with Labelling Directive 2003/66/EC and 2010/30/EC, including implementing measures (1)",
          "F-gas_Regulation": "F-gas Regulation 2006/842/EC",
          "Motor_Vehicles_Directive": "Motor Vehicles Directive 2006/40/EC",
          "Geological_storage": "Directive on the geological storage of CO2 2009/31/EC",
          "Cogeneration_Directive": "Cogeneration Directive 2004/8/EC",
          "End-use_and_energy_services": "Directive 2006/32/EC on end-use energy efficiency and energy services",
          "Energy_Star_Program": "Energy Star Program",
          "Internal_energy_market": "Completion of the internal energy market (including provisions of the 3d package)",
          "Energy_Taxation_Directive": " Energy Taxation Directive 2003/96/EC",
          "IED": "Industrial emissions Directive 2010/75/EU (Recast of IPPC Directive 2008/1/EC and Large Combustion Plant Directive 2001/80/EC)",
          "NEC": "Directive on national emissions' ceilings for certain pollutants 2001/81/EC",
          "Water_Framework": "Water Framework Directive 2000/60/EC",
          "EURO_5_and_6": "Regulation EURO 5 and 6 2007/715/EC",
          "Euro_6_for_HDV": "Regulation Euro VI for heavy duty vehicles 2009/595/EC",
          "FQD": "Fuel Quality Directive 2009/30/EC",
          "Biofuels_directive": "Biofuels directive 2003/30/EC",
          "Landfill_Directive": "Landfill Directive 1999/31/EC",
          "Waste_Directive": "Waste Directive 2006/12/EC",
          "Waste_Management_Framework_Directive": "Waste Management Framework Directive 2008/98/EC",
          "Nitrate_Directive": "Nitrate Directive 1991/676/EEC",
          "CAP_Reform": "Common Agricultural Policy (CAP) Reform 2006/144/EC",
          "CAP_Health_Check_and_Set_aside": "CAP “Health Check” 2008 and the “Set aside” regulation 73/2009",
          "Eurovignette_Directive": "Eurovignette Directive on road infrastructure charging 2011/76/EU",
          "Clean_and_Energy_Efficient_Vehicles": "Directive on the Promotion of Clean and Energy Efficient Road Transport Vehicles 2009/33/EC",
          "Other_EU": "Other (Union policy not listed above or additional Union policy)",
          "Non_EU-related_PAM": "PAM not related to Union policies"
        }
      },
      "ImplementationStatus": {
        "label": "Estado de aplicação :",
        "list": {
          "Planned": "Prevista",
          "Adopted": "Adotada",
          "Implemented": "Executada",
          "Expired": "Com prazo terminado (as políticas e medidas cujo prazo terminou só devem ser indicadas no quadro se tiverem ou se se previr que continuem a ter repercussões nas emissões de gases com efeito de estufa)"
        }
      },
      "ImplementationPeriod": {
        "label": "Período de aplicação:",
        "start": "Início",
        "finish": "Fim"
      },
      "ProjectionsScenario": {
        "label": "Cenários de projeção que têm em conta a P/M:",
        "list": {
          "WEM": "With existing measures",
          "WAM": "With additional measures"
        }
      },
      "Entities": {
        "label": "Entidades responsáveis pela j aplicação da política:",
        "addMore": "Add Entity",
        "remove": "Remove Entity",
        "current": "Current entity list",
        "type": "Entity type",
        "name": "Entity name:",
        "list": {
          "Government": "Administração central",
          "Regional": "Entidades regionais",
          "Local": "Administração local",
          "Companies": "Sociedades/empresas/associações industriais",
          "Research": "Institutos de investigação",
          "Other": "Outras entidades não enumeradas"
        }
      },
      "Indicators": {
        "label": "Indicadores utilizados para acompanhar e avaliar os progressos ao longo do tempo:",
        "current": "Current Indicators list",
        "addMore": "Add More",
        "remove": "Remove Indicator",
        "desc": "Descrição",
        "Year": "Ano",
        "Value": "Value"
      },
      "Reference": {
        "label": "Referência a avaliações e relatórios técnicos em que se baseiam:",
        "Text": "Reference",
        "Url": "URL:"
      },
      "Comments": {
        "label": "Observações gerais:"
      }
    },
    "Table2": {
      "PAM": {
        "label": "Group of policies and measures:"
      },
      "PolicyImpact": {
        "label": "Política com impacto nas emissões no âmbito do RCLE-UE ou da Decisão Partilha de Esforços:",
        "EU_ETS": "RCLE-UE",
        "ESD": "Decisão da Partilha de Esforços",
        "LULUCF": "Utilização dos solos, reafetação dos solos e silvicultura",
        "Total": "Total"
      },
      "Exante": {
        "Title": "Avaliação ex ante"
      },
      "ExanteEmissions": {
        "label": "GHG emissions reductions for year:"
      },
      "Expost": {
        "Title": "Avaliação ex post",
        "Year": "Ano ao qual a redução se aplica:",
        "Average": "Redução média das emissões:",
        "remove": "Remove Entry"
      },
      "ExpostEmissions": {
        "label": "GHG emissions reductions (kt CO2-equivalent per year):"
      },
      "BasisExplanation": {
        "label": "Explanation of the basis for the mitigation estimates:"
      },
      "AffectedFactors": {
        "label": "Factors affected by PAM:"
      },
      "Documentation": {
        "label": "Documentação/fonte da estimativa, se disponível :",
        "Reference": "Reference:",
        "Weblink": "Weblink:"
      }
    },
    "Table3": {
      "PAM": {
        "label": "Group of policies and measures:"
      },
      "Costs": {
        "Projected": "Custos e benefícios previstos",
        "Realised": "Realised costs and benefits",
        "CostType": "Cost ",
        "BenefitType": "Benefit ",
        "NetCostType": "Net cost ",
        "CostReduced": "Custos em EUR por tonelada de CO2eq reduzido/sequestrado:",
        "Benefit": "Benefits in EUR per tonne CO2eq reduced/ sequestered:",
        "NetCost": "Net costs in EUR per tonne CO2eq reduced/ sequestered:",
        "CostPerYear": "Absolute costs per year in EUR:",
        "BenefitPerYear": "Absolute benefit per year in EUR:",
        "NetCostPerYear": "Net Cost per year in EUR:",
        "CostCalculatedYear": "Year for which cost has been calculated:",
        "BenefitCalculatedYear": "Year for which benefits has been calculated:",
        "NetCostCalculatedYear": "Year for which net cost has been calculated:",
        "CostReferenceYear": "Price reference year:",
        "CostDescription": "Description of cost estimates (Basis for cost estimate, what type of costs are included in the estimate, methodology):",
        "CostDocumentation": {
          "label": "Documentação/fonte da estimativa, se disponível :",
          "Reference": "Reference:",
          "Weblink": "Weblink:"
        },
        "BenefitDescription": "Description of benefit estimates (basis for benefit estimate, what type of benefits are included in the estimate, methodology):",
        "BenefitDocumentation": {
          "label": "Documentation/ Source of benefit estimation:",
          "Reference": "Reference:",
          "Weblink": "Weblink:"
        }
      }
    }
  }
}