{
  "Labels": {
    "Webform": {
      "PamNumber": "PAM number",
      "CreatePam": "Create new PAM",
      "Title": "Monitoring Mechanism Regulation",
      "FormTitle": "Policies or Measures (PAMs)",
      "TitlePlaceholder": "Enter Title",
      "Annex": "ПРИЛОЖЕНИЕ XI",
      "Add": "Add",
      "Remove": "Remove",
      "AddSingle": "Add Single",
      "AddGroup": "Add Group",
      "Loading": "Loading...",
      "Complete": "Complete PAM/Group",
      "Group": "Group",
      "Single": "Single",
      "PleaseUpdate": "Please Update individual PAM field",      
      "Notes": "Notes",
      "Type": "Type",
      "Name": "Name",
      "Yes": "Yes",
      "No": "No",
      "Sector": "Sector"
    },
    "Overview": {
      "label": "Overview",
      "heading": "Overview Table",
      "PamNumber": "PAM number",
      "Group": "Политика или мярка или групи от политики или мерки",
      "Title": "Title",
      "Table1": "Таблица 1: Сектори и газове в обхвата на докладването относно политики и мерки и групи мерки и вид инструмент на политиката",
      "Table2": "Таблица 2: Налични резултати от предварителните и последващи оценки от ефектите на отделни политики и мерки или групи политики и мерки за смекчаване на изменението на климата",
      "Table3": "Таблица 3: Налични прогнозирани и реализирани разходи и ползи от отделни политики и мерки или групи от политики и мерки за смекчаване на изменението на климата",
      "new_table": "Create Table",
      "edit_table1": "Edit Table 1",
      "edit_table2": "Edit Table 2",
      "edit_table3": "Edit Table 3",
      "delete_pam": "Delete"
    },
    "Table1": {
      "Tab": "Table1",
      "Title": "Name of PAM or group of PAMs",
      "Asterisk": "* Mandatory reporting requirements.",
      "isGroup": {
        "label": "Is this a single PAM or a group of PAMs?",
        "placeholder": "teeest",
        "list": {
          "single": "Single",
          "group": "Group"
        }
      },
      "PolicyGroup": {
        "label": "Which policies or measures does it cover?"
      },
      "Sectors": {
        "label": "Засегнат(и) сектор(и):",
        "placeholder": "Select Sector(s)",
        "list": {
          "Energy_Supply": "електроснабдяване (включващо добив, пренос, разпределение и съхранение на горива, както и производство на енергия и електричество)",
          "Energy_Consumption": "енергопотребление (cвключващо потребление на горива и електричество от крайни потребители, като например домакинства, услуги, промишленост и селско стопанство)",
          "Transport": "транспорт",
          "Industrial_Processes": "промишлени процеси (включващи промишлени дейности, при които се извършва химично или физично преобразуване на материали, водещо до емисии на парникови газове, използване на парникови газове в продукти и неенергийна употреба на въглерод от изкопаеми горива)",
          "Agriculture": "селско стопанство",
          "LULUCF": "горско стопанство/ЗПЗГС",
          "Waste": "управление на отпадъци/отпадъци",
          "Cross-cutting": "междуотраслови дейности",
          "Other": "други сектори"
        },
        "shortlist": {
          "Energy_Supply": "енергоснабдяване",
          "Energy_Consumption": "енергопотребление",
          "Transport": "транспорт",
          "Industrial_Processes": "промишлени процеси",
          "Agriculture": "селско стопанство",
          "LULUCF": "горско стопанство/ЗПЗГС",
          "Waste": "управление на отпадъци/отпадъци",
          "Cross-cutting": "междуотраслови дейности",
          "Other": "други сектори"
          "null": ""
        }
      },
      "GreenhouseGases": {
        "label": "Greenhouse gas(es) affected:",
        "placeholder": "Select Gas(es)",
        "list": {
          "CO2": "въглероден диоксид (CO2)",
          "CH4": "метан (CH4)",
          "N2O": "азотен оксид (N2O)",
          "HFC": "флуоровъглеводороди (HFC)",
          "PFC": "перфлуорвъглероди (PFC)",
          "SF6": "серен хексафлуорид (SF6)",
          "NF3": "азотен трифлуорид (NF3)"
        }
      },
      "Objective": {
        "label": "Цел:",
        "placeholder": "Select Objective(s)",
        "select": "Select Objective(s)",
        "current": "Objective(s)",
        "emptySectors": "You need to select at least one Sector to view and select Objectives",
        "list": {
          "ES_renewable": "увеличаване на енергията от възобновяеми източници",
          "ES_Fuels_witch": "преминаване към горива, водещи до по-ниски въглеродни емисии",
          "ES_nuclear": "засилено производство на невъзобновяема енергия с ниски нива на въглеродни емисии (ядрена)",
          "ES_loss_reduction": "намаляване на загубите",
          "ES_efficiency": "подобряване на ефективността в енергийния сектор и сектор преобразуване",
          "ES_CSS": "улавяне и съхранение на въглерод",
          "ES_fugitive_emissions": "контрол на летливите изпуснати емисии от енергопроизводство",
          "ES_other": "други енергодоставки",

          "EC_efficiency_buildings": "подобряване на енергийната ефективност на сгради",
          "EC_efficiency_appliances": "подобряване на енергийната ефективност на съоръжения",
          "EC_efficiency_services": "подобряване на енергийната ефективност на услугите/обслужващия сектор",
          "EC_efficiency_industry": "подобряване на енергийната ефективност на промишлените сектори на крайно потребление",
          "EC_demand_reduction": "управление/намаление на търсенето",
          "EC_other": "друго енергопотребление",

          "TR_vehicle_efficiency": "подобряване на енергийната ефективност на превозни средства",
          "TR_modal_shift": "модален преход към обществен транспорт или към немоторизиран транспорт",
          "TR_electric_cars": "нисковъглеродни/електрически автомобили",
          "TR_demand_reduction": "управление/намаление на търсенето",
          "TR_improved_behaviour": "подобрено поведение",
          "TR_improved_infrastructure": "подобрена транспортна инфраструктура",
          "TR_other": "друг транспорт",

          "IP_abatement_technologies": "въвеждане на технологии за намаляване на емисиите",
          "IP_F-gas_reduction": "намаляване на емисиите на флуорирани газове",
          "IP_F-gas_replacement": "замяна на флуорирани газове с други вещества",
          "IP_fugitive_emissions_control": "подобрен контрол на изпуснати летливи емисии от промишлени процесиs",
          "IP_other": "други промишлени процеси",

          "WA_demand_reduction": "управление/намаление на търсенето",
          "WA_Recycling": "засилено рециклиране",
          "WA_Methane_collection": "засилено улавяне и използване на CH4",
          "WA_improved_treatment": "подобрени технологии за обработка",
          "WA_improved_landfill_management": "подобрено управление на депата",
          "WA_waste_to_energy": "изгаряне на отпадъци с енергийно предназначение",
          "WA_wastewater": "усъвършенствани системи за управление на отпадъчните води",
          "WA_reduced_landfilling": "намалено депониране",
          "WA_other": "други отпадъци",

          "AG_Fertilizer_use": "намаляване използването на изкуствен/оборски тор в обработваемите земи",
          "AG_cropland_management": "други дейности, подобряващи управлението на обработваемите земи",
          "AG_livestock_management": "подобрено стопанисване на селскостопанските животни",
          "AG_animal_waste": "подобрени системи за управление на животинските отпадъци",
          "AG_grazing_land_or_grassland": "дейности, подобряващи управлението на пасищата или затревените площи",
          "AG_organic_soils": "подобрено управление на органичните почви",
          "AG_other": "други селскостопански дейности",

          "LULUCF_afforestation_reforestation": "залесяване и възстановяване на гори",
          "LULUCF_carbon_conservation": "запазване на въглерода в съществуващи гори",
          "LULUCF_forest_production": "увеличаване на съвкупността на продуктите",
          "LULUCF_hwp_pool": "получени от дървесина от дърводобива",
          "LULUCF_forest_management": "подобрено управление на горите",
          "LULUCF_deforestation_prevention": "предотвратяване на обезлесяването",
          "LULUCF_protection_against_natural_disturbances": "подобряване на защитата срещу природни смущенияs",
          "LULUCF_substitution_with_HWP": "замяна на суровини и материали, предизвикващи значителни емисии на ПГ, с продукти, получени от дървесина от дърводобива",
          "LULUCF_wetlands": "предотвратяване на пресушаването или възстановяването на влажни зони",
          "LULUCF_degraded_lands": "възстановяване на деградирали почви",
          "LULUCF_other": "друго ЗПЗГС",

          "CC_framework": "рамкова политика",
          "CC_multi-sectoral": "многосекторна политика",
          "CC_other": "други междуотраслови дейности"                                
        }
      },
      "ObjectiveOther": {
        "label": "Other Objective(s)",
        "sectors": "Select sector",
        "text": "Objective Name"
      },
      "ObjectiveQuantified": {
        "label": "Количествено изразена цел",
        "placeholder": "Количествено изразена цел"
      },
      "Description": {
        "label": "Кратко описание:",
        "placeholder": "Type Description"
      },
      "isEnvisaged": {
        "label": "Is the policy or measure envisaged with a view to limiting GHG emissions beyond the Member State commitments under Decision No 406/2009/EC?",
        "list": {
          "yes": "Yes",
          "no": "No"
        }
      },
      "PolicyInstrument": {
        "label": "Вид инструмент на политиката:",
        "placeholder": "Select Policy Instrument",
        "list": {
          "Economic": "икономическа",
          "Fiscal": "финансова",
          "Voluntary": "доброволни/договорени споразумения",
          "Regulatory": "регулаторна",
          "Information": "информационна",
          "Education": "образователна",
          "Research": "научноизследователска",
          "Planning": "планиране",
          "Other": "и др"
        }
      },
      "UnionPolicy": {
        "label": "Политика на Съюза, довела до въвеждането на П/М:",
        "other": "Other Union Policy",
        "current": "Current Union Policy list",
        "placeholder": "Select Union Policy/ies",
        "otherCurrent": "Current Other Union Policy list",
        "related": "Related",
        "not_related": "Non related",
        "list": {
          "ETS_directive": "EU ETS directive 2003/87/EC as  amended by Directive 2008/101/EC and Directive 2009/29/EC and implementing legislation, in particular 2010/2/EU, 2011/278/EU and 2011/638/EU",
          "Effort_Sharing_Decision": "Effort Sharing Decision 406/2009/EC",
          "RES_directive": "RES directive 2009/28/EC",
          "CO2_and_cars_and_vans_regulations": "Regulation on CO2 from cars and vans (2009/443/EC and no. 510/2011)",
          "Recast_of_EPBD": "Recast of the Energy Performance of Buildings Directive (Directive 2010/31/EU)",
          "Eco-design_Labelling_directives": "Eco-design framework directive 2005/32/EC and its implementing regulations, combined with Labelling Directive 2003/66/EC and 2010/30/EC, including implementing measures",
          "F-gas_Regulation": "F-gas Regulation 2006/842/EC",
          "Motor_Vehicles_Directive": "Motor Vehicles Directive 2006/40/EC",
          "Geological_storage": "Directive on the geological storage of CO2 2009/31/EC",
          "Cogeneration_Directive": "Cogeneration Directive 2004/8/EC",
          "End-use_and_energy_services": "Directive 2006/32/EC on end-use energy efficiency and energy services",
          "Energy_Star_Program": "Energy Star Program",
          "Internal_energy_market": "Completion of the internal energy market (including provisions of the 3d package)",
          "Energy_Taxation_Directive": " Energy Taxation Directive 2003/96/EC",
          "IED": "Industrial emissions Directive 2010/75/EU (Recast of IPPC Directive 2008/1/EC and Large Combustion Plant Directive 2001/80/EC)",
          "NEC": "Directive on national emissions' ceilings for certain pollutants 2001/81/EC",
          "Water_Framework": "Water Framework Directive 2000/60/EC",
          "EURO_5_and_6": "Regulation EURO 5 and 6 2007/715/EC",
          "Euro_6_for_HDV": "Regulation Euro VI for heavy duty vehicles 2009/595/EC",
          "FQD": "Fuel Quality Directive 2009/30/EC",
          "Biofuels_directive": "Biofuels directive 2003/30/EC",
          "Landfill_Directive": "Landfill Directive 1999/31/EC",
          "Waste_Directive": "Waste Directive 2006/12/EC",
          "Waste_Management_Framework_Directive": "Waste Management Framework Directive 2008/98/EC",
          "Nitrate_Directive": "Nitrate Directive 1991/676/EEC",
          "CAP_Reform": "Common Agricultural Policy (CAP) Reform 2006/144/EC",
          "CAP_Health_Check_and_Set_aside": "CAP “Health Check” 2008 and the “Set aside” regulation 73/2009",
          "Eurovignette_Directive": "Eurovignette Directive on road infrastructure charging 2011/76/EU",
          "Clean_and_Energy_Efficient_Vehicles": "Directive on the Promotion of Clean and Energy Efficient Road Transport Vehicles 2009/33/EC",
          "Other_EU": "Other (Union policy not listed above or additional Union policy)",
          "Non_EU-related_PAM": "PAM not related to Union policies"
        }
      },
      "ImplementationStatus": {
        "label": "Статус на реализация:",
        "list":{
          "Planned": "планирана",
          "Adopted": "приета",
          "Implemented": "реализирана",
          "Expired": "изтекла (само ако имат въздействие или се очаква да продължат да имат въздействие върху емисиите на парникови газове)"
        },
        "shortlist": {
          "Planned": "Planned",
          "Adopted": "Adopted",
          "Implemented": "Implemented",
          "Expired": "Expired"
        }
      },
      "ImplementationPeriod": {
        "label": "Период на реализация:",
        "start": "Начало",
        "finish": "Край"
      },
      "ProjectionsScenario": {
        "label": "Вариант на прогнози, в който П/М е включена:",
        "list": {
          "null": "",
          "WEM": "With existing measures",
          "WAM": "With additional measures"
        }
      },
      "Entities": {
        "label": "Органи, отговарящи за реализацията на политиката:",
        "placeholder": "Select Type",
        "current": "Current entity list",
        "list": {
          "Government": "национално правителство",
          "Regional": "регионални субекти",
          "Local": "местна власт",
          "Companies": "предприятия/бизнес/индустриални сдружения", 
          "Research": "научноизследователски институти",
          "Other": "други, които не са посочени"
        }
      },
      "Indicators": {
        "label": "Показатели за контрол и оценка на напредъка във времето (ex-post or ex-ante):",
        "current": "Current Indicators list",
        "desc": "Описание",
        "unit": "Unit",
        "Year": "Година {{num}}",
        "Value": "Value {{num}}"
      },
      "Reference": {
        "label": "Препратка към оценки и помощни технически доклади:",
        "Text": "Reference",
        "Url": "URL:"
      },
      "Comments": {
        "label": "Общи коментари:"
      }
    },
    "Table2": {
      "Tab": "Table2",
      "Asterisk": "* Mandatory reporting requirements.",
      "PAM": {
        "label": "Group of policies and measures:"
      },
      "PolicyImpact": {
        "label": "Политика, засягаща емисии по СТЕ на ЕС или РСУ:",
        "placeholder": "Select Policy impacting EU ETS or ESD emissions",
        "EU_ETS": "СТЕ на ЕС",
        "ESD": "РСУ",
        "LULUCF": "земеползване, промени в земеползването и горско стопанство",
        "Total": "Общо"
      },
      "Exante": {
        "Title": "Предварителна оценка"
      },
      "ExanteEmissions": {
        "label": "GHG emissions reductions for year {{year}} (kt CO2-equivalent per year)"
      },
      "Expost": {
        "Title": "Последваща оценка",
        "Year": "Година, за която се отнася намалението:",
        "Average": "Средно намаление на емисиите:"
      },
      "ExpostEmissions": {
        "label": "Намаление на емисиите на ПГ  (kt CO2-еквивалент годишно):"
      },
      "BasisExplanation": {
        "label": "Разяснение за базата за оценките на смекчаването:"
      },
      "AffectedFactors": {
        "label": "Фактори, засегнати от П/М:"
      },
      "Documentation": {
        "label": "Документация/източник на оценка, ако са налични:",
        "Reference": "Reference:",
        "Weblink": "Weblink:"
      }
    },
    "Table3": {
      "Tab": "Table3",
      "PAM": {
        "label": "Group of policies and measures:"
      },
      "Costs": {
        "Projected": "Прогнозирани разходи и ползи",
        "Realised": "Реализирани разходи и ползи",
        "YearPlaceholder": "Select Year",
        "CostType": "Cost ",
        "BenefitType": "Benefit ",
        "NetCostType": "Net cost ",
        "CostReduced": "Разходи в евро за тон намален/погълнат CO2 еквивалент:",
        "Benefit": "Benefits in EUR per tonne CO2eq reduced/ sequestered:",
        "NetCost": "Net costs in EUR per tonne CO2eq reduced/ sequestered:",
        "CostPerYear": "Абсолютни годишни разходи в евро :",
        "BenefitPerYear": "Absolute benefit per year in EUR:",
        "NetCostPerYear": "Net Cost per year in EUR:",
        "CostCalculatedYear": "Year for which cost has been calculated:",
        "BenefitCalculatedYear": "Year for which benefits has been calculated:",
        "NetCostCalculatedYear": "Year for which net cost has been calculated:",
        "CostReferenceYear": "Price reference year:",
        "CostDescription": "Описание на прогнозните разходи (основа за прогнозните разходи, видове разходи, включени в прогнозата, методология):",
        "CostDocumentation": {
          "label": "Документация/Източник на оценката на разходите:",
          "Reference": "Reference:",
          "Weblink": "Weblink:"
        },
        "BenefitDescription": "Description of benefit estimates (basis for benefit estimate, what type of benefits are included in the estimate, methodology):",
        "BenefitDocumentation": {
          "label": "Documentation/ Source of benefit estimation:",
          "Reference": "Reference:",
          "Weblink": "Weblink:"
        }
      }
    },
    "Tooltip": {
      "MMR" : "Definitions and information on mandatory reporting requirements are stipulated in MMR Art. 13 and MMR implementing regulation Art. 22 and Annex XI.",
      "Overview": "Numeric values with decimals should be entered using a dot not a comma.",
      "Group": "A group of PAMs consists of other single PAMs.",
      "Table1": {
        "Title": "Fill this table with PAMs and groups of PAMs.",
        "isGroup": "A group of PAMs consists of other single PAMs.",
        "PolicyGroup": "One PAM cannot be part of more than one group.",
        "Sectors": "More than one sector can be selected",
        "GreenhouseGases": "More than one GHG can be selected.",
        "Objective": "More than one objective can be selected, additional objectives could be added and specified under ‘other’",
        "QuantifiedObjective": "Include the figure(s) if the objective(s) is (are) quantified.",
        "UnionPolicy": "More than one Union policy can be selected, additional union policies could be added and specified under ‘other’.",
        "ImplementationStatus": "Expired PAMs must be reported in the template only if they have an effect, or they are expected to continue to have an effect on GHG emissions.",
        "Entities": "More than one entity can be selected."              
      },
      "Table2": {
        "Title": "Fill this table for all PAMs or groups of PAMs for which an ex-post or ex-ante assessment is available",
        "PolicyImpacting": "More than one can be selected."        
      },
      "Table3": {
        "Title": "Fill this table for all PAMs or groups of PAMs for which such an assessment is available.",
        "CostCalculatedYear": "Provide a year or a range of years.",
        "BenefitCalculatedYear": "Provide a year or a range of years.",
        "CostDescription": "Basis for cost estimate, what type of costs are included in the estimate, methodology.",
        "BenefitDescription": "Basis for benefit estimate, what type of benefits are included in the estimate, methodology."
      }
    }
  }
}