{
  "Labels": {
    "Webform": {
      "CreatePam": "Create new PAM",
      "Title": "Monitoring Mechanism Regulation",
      "TitlePlaceholder": "Enter Title",
      "Annex": "BILAGA XI		",
      "Add": "Add",
      "AddPam": "Add PAM",
      "Loading": "Loading...",
      "Complete": "Complete PAM/Group"
    },
    "Overview": {
      "Group": "Policy/measure, or groups of measures",
      "Title": "Title",
      "Table1": "Tabell 1: Sektorer och gaser för rapportering om politiska strategier och åtgärder och åtgärdspaket, och typ av politiskt instrument",
      "Table2": "Tabell 2: Tillgängliga resultat av förhands- eller efterhandsbedömningar av verkningarna av politiska strategier och åtgärder, enskilda eller samlade, för att begränsa klimatförändringarna",
      "Table3": "Tabell 3: Tillgängliga uppgifter om beräknade eller faktiska kostnader och intäkter i samband med politiska strategier och åtgärder, enskilda eller samlade, för att begränsa klimatförändringarnaa",
      "new_table": "Create Table",
      "edit_table": "Edit Table",
      "delete_pam": "Delete"
    },
    "Table1": {
      "Title": "Title for this PAM/Group",
      "isGroup": {
        "label": "Is this a single policy/measure or a group of policies or measures?",
        "placeholder": "teeest",
        "list": {
          "single": "Single",
          "group": "Group"
        }
      },
      "PolicyGroup": {
        "label": "Which policies or measures does it cover?"
      },
      "Sectors": {
        "label": "Berörda sektorer:",
        "placeholder": "Select Sector(s)",
        "list": {
          "Energy_Supply": "Energiförsörjning (vilket innefattar utvinning, transmission, distribution och lagring av bränslen samt produktion av energi och el)",
          "Energy_Consumption": "energikonsumtion (vilket innefattar användning av bränslen och el av slutanvändare som t.ex. hushåll, tjänster, industri och jordbruk)",
          "Transport": "transporter",
          "Industrial_Processes": " Industriprocesser (vilket innefattar industriverksamhet som innebär kemisk eller fysisk bearbetning av material som ger upphov till växthusgasutsläpp, användning av växthusgaser i produkter och icke-energi-användningar av kol från fossila bränslen)",
          "Agriculture": "Jordbruk",
          "LULUCF": "Markanvändning, förändrad markanvändning och skogsbruk",
          "Waste": "Avfallshantering/avfall",
          "Cross-cutting": "övergripande åtgärder",
          "Other": "övrigt"
        },
        "shortlist": {
          "Energy_Supply": "Energiförsörjning",
          "Energy_Consumption": "Energikonsumtion",
          "Transport": "transporter",
          "Industrial_Processes": "Industriprocesser",
          "Agriculture": "Jordbruk",
          "LULUCF": "Markanvändning, förändrad markanvändning och skogsbruk",
          "Waste": "Avfallshantering/avfall",
          "Cross-cutting": "övergripande åtgärder",
          "Other": "övrigt"
        }
      },
      "GreenhouseGases": {
        "label": "Greenhouse gas(es) affected:",
        "placeholder": "Select Gas(es)",
        "list": {
          "CO2": "Koldioxid (CO2)",
          "CH4": "Metan (CH4)",
          "N2O": "Dikväveoxid (N2O)",
          "HFC": "Fluorkolväten (HFC)",
          "PFC": "Perfluorkolväten (PFC)	",
          "SF6": "Svavelhexafluorid (SF6)",
          "NF3": "Och kvävetrifluorid (NF3)"
        }
      },
      "Objective": {
        "label": "Mål:",
        "placeholder": "Select Objective",
        "select": "Select Objective",
        "list": {
          "ES_renewable": "ökning av förnybar energi",
          "ES_Fuels_witch": "övergång till växthusgassnålare bränslen",
          "ES_nuclear": "Förbättrad icke-förnybar växthusgassnål energiutvinning (kärnkraft)",
          "ES_loss_reduction": "Minskning av svinn",
          "ES_efficiency": "Effektivitetsförbättringar i energi- och transformationssektorn",
          "ES_CSS": "Avskiljning och lagring av koldioxid",
          "ES_fugitive_emissions": "Minskning av flyktiga utsläpp från energiproduktion",
          "ES_other": "Annat inom energiförsörjning",
          "EC_efficiency_buildings": "Energieffektivare byggnader",
          "EC_efficiency_appliances": "Energieffektivare utrustning, energieffektivare tjänstesektor",
          "EC_efficiency_services": "Energieffektivare tjänstesektor",
          "EC_efficiency_industry": "Energieffektivare industriell slutanvändarsektor",
          "EC_demand_reduction": "Efterfrågestyrning/-minskning",
          "EC_other": "Annat inom energiförbrukning",
          "TR_vehicle_efficiency": "Effektivare fordon",
          "TR_modal_shift": "övergång till kollektivtrafik eller icke-motoriserad transport",
          "TR_electric_cars": "Low carbon fuels/electric cars",
          "TR_demand_reduction": "Efterfrågestyrning/-minskning",
          "TR_improved_behaviour": "Beteendeförändring",
          "TR_improved_infrastructure": "Bättre transportinfrastuktur",
          "TR_other": "Annat inom transport",
          "IP_abatement_technologies": "Installation av teknik för utsläppsminskning",
          "IP_F-gas_reduction": "Minskade utsläpp av fluorerade gaser",
          "IP_F-gas_replacement": "Ersättning av fluorerade gaser med andra ämnen",
          "IP_fugitive_emissions_control": "Minskning av flyktiga utsläpp från industriprocesser",
          "IP_other": "Annat inom industriprocesser",
          "WA_demand_reduction": "Efterfrågestyrning/-minskning",
          "WA_Recycling": "ökad materialåtervinning",
          "WA_Methane_collection": "Bättre metanuppsamling och -användning",
          "WA_improved_treatment": "Bättre teknik för bearbetning",
          "WA_improved_landfill_management": "Bättre förvaltning av avfallsdeponering",
          "WA_waste_to_energy": "Avfallsförbränning med energiåtervinning",
          "WA_wastewater": "Bättre system för hantering av avloppsvatten",
          "WA_reduced_landfilling": "Minskad avfallsdeponering",
          "WA_other": "Annat inom avfall",
          "AG_Fertilizer_use": "Minskad användning av gödselmedel/gödsel på åkermark",
          "AG_cropland_management": "Annan verksamhet för bättre bruk av odlingsmark",
          "AG_livestock_management": "Bättre boskapsskötsel, bättre system för hantering av animaliskt avfall",
          "AG_animal_waste": "Verksamhet för bättre bruk av betesmark eller gräsmark",
          "AG_grazing_land_or_grassland": "Activities improving grazing land or grassland management",
          "AG_organic_soils": "Bättre förvaltning av organisk jord",
          "AG_other": "Annat inom jordbruk",
          "LULUCF_afforestation_reforestation": "återbeskogning och nybeskogning",
          "LULUCF_carbon_conservation": "Bevarande av kol i befintlig skog",
          "LULUCF_forest_production": "Högre produktion i befintlig skog",
          "LULUCF_hwp_pool": "ökad reservoar av avverkade träprodukter",
          "LULUCF_forest_management": "Bättre skogsförvaltning",
          "LULUCF_deforestation_prevention": "Förebyggande av avskogning",
          "LULUCF_protection_against_natural_disturbances": "Bättre skydd mot naturliga störningar",
          "LULUCF_substitution_with_HWP": "Ersättning av växthusgasintensiva råvaror och material med avverkade träprodukter",
          "LULUCF_wetlands": "Förebyggande av dränering eller restaurering av våtmarker",
          "LULUCF_degraded_lands": "återställning av skadad mark",
          "LULUCF_other": "Annat inom LULUCF	",
          "CC_framework": "Rampolitik	",
          "CC_multi-sectoral": "övergripande politik för flera sektorer",
          "CC_other": "Annat inom övergripande åtgärder"
        }
      },
      "ObjectiveOther": {
        "label": "Other objectives list",
        "sectors": "Select sector",
        "text": "Objective Name",
        "remove": "Remove objective"
      },
      "ObjectiveQuantified": {
        "label": "Kvantifierat mål",
        "placeholder": "Kvantifierat mål"
      },
      "Description": {
        "label": "Short description:",
        "placeholder": "Type Description"
      },
      "isEnvisaged": {
        "label": "Is the policy or measure envisaged with a view to limiting GHG emissions beyond the Member State commitments under Decision No 406/2009/EC?",
        "list": {
          "yes": "Yes",
          "no": "No"
        }
      },
      "PolicyInstrument": {
        "label": "Type of policy Instrument:",
        "placeholder": "Select Policy Instrument",
        "list": {
          "Economic": "Ekonomisk politik",
          "Fiscal": "Finanspolitik",
          "Voluntary": "Frivilliga/förhandlade avtal",
          "Regulatory": "Lagstiftning",
          "Information": "Information",
          "Education": "Utbildning",
          "Research": "Forskning",
          "Planning": "Planering",
          "Other": "Annat	"
        }
      },
      "UnionPolicy": {
        "label": "Unionsinitiativ som ledde till att den politiska strategin eller åtgärden genomfördes:",
        "other": "Enter other Union Policy",
        "related": "Related",
        "not_related": "Non related",
        "list": {
          "ETS_directive": "EU ETS directive 2003/87/EC as  amended by Directive 2008/101/EC and Directive 2009/29/EC and implementing legislation, in particular 2010/2/EU, 2011/278/EU and 2011/638/EU",
          "Effort_Sharing_Decision": "Effort Sharing Decision 406/2009/EC",
          "RES_directive": "RES directive 2009/28/EC",
          "CO2_and_cars_and_vans_regulations": "Regulation on CO2 from cars and vans (2009/443/EC and no. 510/2011)",
          "Recast_of_EPBD": "Recast of the Energy Performance of Buildings Directive (Directive 2010/31/EU)",
          "Eco-design_Labelling_directives": "Eco-design framework directive 2005/32/EC and its implementing regulations, combined with Labelling Directive 2003/66/EC and 2010/30/EC, including implementing measures (1)",
          "F-gas_Regulation": "F-gas Regulation 2006/842/EC",
          "Motor_Vehicles_Directive": "Motor Vehicles Directive 2006/40/EC",
          "Geological_storage": "Directive on the geological storage of CO2 2009/31/EC",
          "Cogeneration_Directive": "Cogeneration Directive 2004/8/EC",
          "End-use_and_energy_services": "Directive 2006/32/EC on end-use energy efficiency and energy services",
          "Energy_Star_Program": "Energy Star Program",
          "Internal_energy_market": "Completion of the internal energy market (including provisions of the 3d package)",
          "Energy_Taxation_Directive": " Energy Taxation Directive 2003/96/EC",
          "IED": "Industrial emissions Directive 2010/75/EU (Recast of IPPC Directive 2008/1/EC and Large Combustion Plant Directive 2001/80/EC)",
          "NEC": "Directive on national emissions' ceilings for certain pollutants 2001/81/EC",
          "Water_Framework": "Water Framework Directive 2000/60/EC",
          "EURO_5_and_6": "Regulation EURO 5 and 6 2007/715/EC",
          "Euro_6_for_HDV": "Regulation Euro VI for heavy duty vehicles 2009/595/EC",
          "FQD": "Fuel Quality Directive 2009/30/EC",
          "Biofuels_directive": "Biofuels directive 2003/30/EC",
          "Landfill_Directive": "Landfill Directive 1999/31/EC",
          "Waste_Directive": "Waste Directive 2006/12/EC",
          "Waste_Management_Framework_Directive": "Waste Management Framework Directive 2008/98/EC",
          "Nitrate_Directive": "Nitrate Directive 1991/676/EEC",
          "CAP_Reform": "Common Agricultural Policy (CAP) Reform 2006/144/EC",
          "CAP_Health_Check_and_Set_aside": "CAP “Health Check” 2008 and the “Set aside” regulation 73/2009",
          "Eurovignette_Directive": "Eurovignette Directive on road infrastructure charging 2011/76/EU",
          "Clean_and_Energy_Efficient_Vehicles": "Directive on the Promotion of Clean and Energy Efficient Road Transport Vehicles 2009/33/EC",
          "Other_EU": "Other (Union policy not listed above or additional Union policy)",
          "Non_EU-related_PAM": "PAM not related to Union policies"
        }
      },
      "ImplementationStatus": {
        "label": "Status of Implementation:",
        "list": {
          "Planned": "Planerad",
          "Adopted": "Antagen",
          "Implemented": "Genomförd",
          "Expired": "Utgången (Utgångna politiska strategier och åtgärder ska endast rapporteras i tabellen om de har inverkan, eller förväntas fortsätta att ha inverkan, på utsläppen av växthusgaser)"
        }
      },
      "ImplementationPeriod": {
        "label": "Genomförandeperiod:",
        "start": "Från",
        "finish": "Till"
      },
      "ProjectionsScenario": {
        "label": "Prognosscenario där den politiska strategin eller åtgärden är inräknad:",
        "list": {
          "WEM": "With existing measures",
          "WAM": "With additional measures"
        }
      },
      "Entities": {
        "label": "Aktörer med ansvar för genomförandet:",
        "addMore": "Add Entity",
        "remove": "Remove Entity",
        "current": "Current entity list",
        "type": "Entity type",
        "name": "Entity name:",
        "list": {
          "Government": " Nationell regering",
          "Regional": "Regioner",
          "Local": "Kommuner",
          "Companies": "Företag/näringsliv/branschorganisationer",
          "Research": "Forskningsinstitut",
          "Other": "övriga "
        }
      },
      "Indicators": {
        "label": "Indikatorer för att övervaka och utvärdera framstegen över tiden:",
        "current": "Current Indicators list",
        "addMore": "Add More",
        "remove": "Remove Indicator",
        "desc": "Beskrivning",
        "Year": "År",
        "Value": "Value"
      },
      "Reference": {
        "label": "Hänvisning till bedömningar och underliggande tekniska rapporter:",
        "Text": "Reference",
        "Url": "URL:"
      },
      "Comments": {
        "label": "Allmänna kommentarer:"
      }
    },
    "Table2": {
      "PAM": {
        "label": "Group of policies and measures:"
      },
      "PolicyImpact": {
        "label": "Politik som påverkar utsläpp inom EU:s system för handel med utsläppsrätter eller ansvarsfördelningsbeslutet:",
        "EU_ETS": "EU ETS",
        "ESD": "ESD",
        "LULUCF": "Markanvändning, förändrad markanvändning och skogsbruk",
        "Total": "Total"
      },
      "Exante": {
        "Title": "Förhandsbedömning"
      },
      "ExanteEmissions": {
        "label": "GHG emissions reductions for year:"
      },
      "Expost": {
        "Title": "Efterhandsbedömning",
        "Year": "År för minskningen:",
        "Average": "Genomsnittlig utsläppsminskning:",
        "remove": "Remove Entry"
      },
      "ExpostEmissions": {
        "label": "GHG emissions reductions (kt CO2-equivalent per year):"
      },
      "BasisExplanation": {
        "label": "Förklaring till basen för uppskattningarna:"
      },
      "AffectedFactors": {
        "label": "Faktorer som påverkas av de politiska strategierna eller åtgärderna:"
      },
      "Documentation": {
        "label": "Dokumentation/källa till skattning om tillgänglig :",
        "Reference": "Reference:",
        "Weblink": "Weblink:"
      }
    },
    "Table3": {
      "PAM": {
        "label": "Group of policies and measures:"
      },
      "Costs": {
        "Projected": "Beräknade kostnader och intäkter",
        "Realised": "Faktiska kostnader och intäkter",
        "CostType": "Cost ",
        "BenefitType": "Benefit ",
        "NetCostType": "Net cost ",
        "CostReduced": "Kostnad i euro per ton minskade/avskilda koldioxidekvivalenter:",
        "Benefit": "Benefits in EUR per tonne CO2eq reduced/ sequestered:",
        "NetCost": "Net costs in EUR per tonne CO2eq reduced/ sequestered:",
        "CostPerYear": "Absoluta kostnader per år i euro:",
        "BenefitPerYear": "Absolute benefit per year in EUR:",
        "NetCostPerYear": "Net Cost per year in EUR:",
        "CostCalculatedYear": "Year for which cost has been calculated:",
        "BenefitCalculatedYear": "Year for which benefits has been calculated:",
        "NetCostCalculatedYear": "Year for which net cost has been calculated:",
        "CostReferenceYear": "Price reference year:",
        "CostDescription": "Description of cost estimates (basis for cost estimate, what type of costs are included in the estimate, methodology):",
        "CostDocumentation": {
          "label": "Dokumentation/källa för kostnadsberäkningen:",
          "Reference": "Reference:",
          "Weblink": "Weblink:"
        },
        "BenefitDescription": "Beskrivning av kostnadsberäkningar (grund för beräkningen, typ av kostnader som ingår):",
        "BenefitDocumentation": {
          "label": "Documentation/ Source of benefit estimation:",
          "Reference": "Reference:",
          "Weblink": "Weblink:"
        }
      }
    }
  }
}