{
  "Labels": {
    "Webform": {
      "CreatePam": "Create new PAM",
      "Title": "Monitoring Mechanism Regulation",
      "TitlePlaceholder": "Enter Title",
      "Annex": "PRILOG XI",
      "Add": "Add",
      "AddPam": "Add PAM",
      "Loading": "Loading...",
      "Complete": "Complete PAM/Group"
    },
    "Overview": {
      "Group": "Policy/measure, or groups of measures",
      "Title": "Title",
      "Table1": "Tablica 1.: Sektori i plinovi za izvješćivanje o politikama i mjerama i skupinama mjera, te o vrstama instrumenata politike",
      "Table2": "Tablica 2.: Dostupni rezultati ex ante i ex post ocjena utjecaja pojedinačnih ili skupnih politika i mjera na ublažavanje klimatskih promjena",
      "Table3": "Tablica 3.: Dostupni projicirani i realizirani troškovi i koristi pojedinačnih ili skupnih politika i mjera na ublažavanje klimatskih promjena																",
      "new_table": "Create Table",
      "edit_table": "Edit Table",
      "delete_pam": "Delete"
    },
    "Table1": {
      "Title": "Title for this PAM/Group",
      "isGroup": {
        "label": "Is this a single policy/measure or a group of policies or measures?",
        "placeholder": "teeest",
        "list": {
          "single": "Single",
          "group": "Group"
        }
      },
      "PolicyGroup": {
        "label": "Which policies or measures does it cover?"
      },
      "Sectors": {
        "label": "Zahvaćen(i) sektor(i):",
        "placeholder": "Select Sector(s)",
        "list": {
          "Energy_Supply": "Opskrba energijom (što obuhvaća vađenje, prijenos, distribuciju i skladištenje goriva kao i proizvodnu energije i električne energije)",
          "Energy_Consumption": "Potrošnja energije (što obuhvaća potrošnju goriva i električne energije od strane krajnjih potrošača kao što su kućanstva, usluge, industrija i poljoprivreda)",
          "Transport": "Promet",
          "Industrial_Processes": "Industrijski procesi (što obuhvaća djelatnosti u industriji kojima se kemijski ili fizički mijenjaju materijali što dovodi do emisije stakleničkih plinova, uporabu stakleničkih plinova u proizvodima i uporabu ugljika iz fosilnih goriva za ne-energetske svrhe)",
          "Agriculture": "Poljoprivreda",
          "LULUCF": "Korištenje zemljišta, prenamjena zemljišta, šumarstvo",
          "Waste": "Gospodarenje otpadom/otpad",
          "Cross-cutting": "Međusektorske aktivnosti",
          "Other": "Ostali sektori"
        },
        "shortlist": {
          "Energy_Supply": "Opskrba energijom",
          "Energy_Consumption": "Potrošnja energije",
          "Transport": "Promet",
          "Industrial_Processes": "Industrijski procesi",
          "Agriculture": "Poljoprivreda",
          "LULUCF": "Korištenje zemljišta, prenamjena zemljišta, šumarstvo",
          "Waste": "Gospodarenje otpadom/otpad",
          "Cross-cutting": "Međusektorske aktivnosti",
          "Other": "Ostali sektori"
        }
      },
      "GreenhouseGases": {
        "label": "Greenhouse gas(es) affected:",
        "placeholder": "Select Gas(es)",
        "list": {
          "CO2": "Ugljični dioksid (CO2)",
          "CH4": "Metan (CH4)",
          "N2O": "Dušikov oksid  (N2O)",
          "HFC": "Fluorougljikovodici (HFC)",
          "PFC": "Perfluorougljici (PFC)",
          "SF6": "Sumporov heksafluorid (SF6)",
          "NF3": "Dušični trifluorid (NF3)"
        }
      },
      "Objective": {
        "label": "Cilj:",
        "placeholder": "Select Objective",
        "select": "Select Objective",
        "list": {
          "ES_renewable": "Porast u obnovljivoj energiji",
          "ES_Fuels_witch": "Prijelaz na goriva s manjom emisijom ugljika",
          "ES_nuclear": "Veća neobnovljiva proizvodnja s niskom emisijom ugljika (nuklearna)",
          "ES_loss_reduction": "Smanjenje gubitaka",
          "ES_efficiency": "Poboljšanje učinkovitosti u sektorima energetike i transformacije",
          "ES_CSS": "Hvatanje i skladištenje ugljika",
          "ES_fugitive_emissions": "Nadzor fugitivnih emisija iz proizvodnje energije",
          "ES_other": "Druga opskrba energijom",
		  
          "EC_efficiency_buildings": "Poboljšanje učinkovitosti zgrada",
          "EC_efficiency_appliances": "Poboljšanje učinkovitosti aparata",
          "EC_efficiency_services": "Poboljšanje učinkovitosti u uslugama/tercijarnom sektoru",
          "EC_efficiency_industry": "Poboljšanje učinkovitosti u industrijskom i sektoru krajnje potrošnje",
          "EC_demand_reduction": "Upravljanje potražnjom/smanjenje potražnje",
          "EC_other": "Druga potrošnja energije",
		  
          "TR_vehicle_efficiency": "Poboljšanje učinkovitosti vozila",
          "TR_modal_shift": "Izmjena modaliteta prometa prema javnom prijevozu ili nemotoriziranom prijevozu",
          "TR_electric_cars": "Goriva s niskom emisijom ugljika/električni automobili",
          "TR_demand_reduction": "Upravljanje potražnjom/smanjenje potražnje",
          "TR_improved_behaviour": "Poboljšano ponašanje",
          "TR_improved_infrastructure": "Bolja prometna infrastruktura",
          "TR_other": "Drugi promet",
		  
          "IP_abatement_technologies": "Instalacija tehnologija za smanjenje emisija",
          "IP_F-gas_reduction": "Smanjenje emisija fluoriranih plinova",
          "IP_F-gas_replacement": "Zamjena fluoriranih plinova drugim tvarima",
          "IP_fugitive_emissions_control": "Poboljšani nadzor fugitivnih emisija iz industrijskih procesa",
          "IP_other": "Drugi industrijski procesi",
		  
          "WA_demand_reduction": "Upravljanje potražnjom/smanjenje potražnje",
          "WA_Recycling": "Više recikliranja",
          "WA_Methane_collection": "Više prikupljanja i korištenja CH4",
          "WA_improved_treatment": "Poboljšanje tehnologije pročišćavanja",
          "WA_improved_landfill_management": "Poboljšano upravljanje odlagalištima otpada",
          "WA_waste_to_energy": "Spaljivanje otpada s korištenjem energije",
          "WA_wastewater": "Poboljšani sustavi upravljanja otpadnim vodama",
          "WA_reduced_landfilling": "Smanjeno odlaganje otpada",
          "WA_other": "Drugi otpad",
		  
          "AG_Fertilizer_use": "Smanjenje uporabe umjetnih gnojiva/stajskih gnojiva na poljoprivrednim površinama",
          "AG_cropland_management": "Druge aktivnosti za poboljšanje gospodarenja zemljištem pod usjevima",
          "AG_livestock_management": "Poboljšano gospodarenje stokom",
          "AG_animal_waste": "Poboljšani sustavi upravljanja životinjskim otpadom",
          "AG_grazing_land_or_grassland": "Aktivnosti za poboljšanje gospodarenja pašnjacima ili travnjacima",
          "AG_organic_soils": "Poboljšano upravljanje organskim tlima",
          "AG_other": "Druga poljoprivreda",
		  
          "LULUCF_afforestation_reforestation": "Pošumljavanje i ponovno pošumljavanje",
          "LULUCF_carbon_conservation": "Očuvanje ugljika u postojećim šumama",
          "LULUCF_forest_production": "Povećanje proizvodnje u postojećim šumama",
          "LULUCF_hwp_pool": "Povećanje resursa za šumarske drvne proizvode",
          "LULUCF_forest_management": "Bolje gospodarenje šumom",
          "LULUCF_deforestation_prevention": "Sprječavanje odšumljavanja",
          "LULUCF_protection_against_natural_disturbances": "Jačanje zaštite od prirodnih poremećaja",
          "LULUCF_substitution_with_HWP": "Zamjena stočne hrane i materijala s visokom emisijom stakleničkih plinova šumarskim drvnim proizvodima",
          "LULUCF_wetlands": "Sprečavanje isušivanja ili ponovne uspostave močvarnih zemljišta",
          "LULUCF_degraded_lands": "Obnavljanje uništenih površina",
          "LULUCF_other": "Druga LULUCF",
		  
          "CC_framework": "Okvirna politika",
          "CC_multi-sectoral": "Multisektorska politika",
          "CC_other": "Ostale međusektorske aktivnosti"
        }
      },
      "ObjectiveOther": {
        "label": "Other objectives list",
        "sectors": "Select sector",
        "text": "Objective Name",
        "remove": "Remove objective"
      },
      "ObjectiveQuantified": {
        "label": "Kvantificirani cilj",
        "placeholder": "Kvantificirani cilj"
      },
      "Description": {
        "label": "Kratki opis :",
        "placeholder": "Type Description"
      },
      "isEnvisaged": {
        "label": "Is the policy or measure envisaged with a view to limiting GHG emissions beyond the Member State commitments under Decision No 406/2009/EC?",
        "list": {
          "yes": "Yes",
          "no": "No"
        }
      },
      "PolicyInstrument": {
        "label": "Vrsta instrumenta politike:",
        "placeholder": "Select Policy Instrument",
        "list": {
          "Economic": "Ekonomska",
          "Fiscal": "Fiskalna",
          "Voluntary": "Dobrovoljni/dogovoreni sporazumi",
          "Regulatory": "Regulatorna",
          "Information": "Vezana uz informiranje",
          "Education": "Obrazovna",
          "Research": "Istraživačka",
          "Planning": "Vezana u planiranje",
          "Other": "Druge vrste"
        }
      },
      "UnionPolicy": {
        "label": "Politika Unije koja je rezultirala provedbom mjere ili politike:",
        "other": "Enter other Union Policy",
        "related": "Related",
        "not_related": "Non related",
        "list": {
          "ETS_directive": "EU ETS directive 2003/87/EC as  amended by Directive 2008/101/EC and Directive 2009/29/EC and implementing legislation, in particular 2010/2/EU, 2011/278/EU and 2011/638/EU",
          "Effort_Sharing_Decision": "Effort Sharing Decision 406/2009/EC",
          "RES_directive": "RES directive 2009/28/EC",
          "CO2_and_cars_and_vans_regulations": "Regulation on CO2 from cars and vans (2009/443/EC and no. 510/2011)",
          "Recast_of_EPBD": "Recast of the Energy Performance of Buildings Directive (Directive 2010/31/EU)",
          "Eco-design_Labelling_directives": "Eco-design framework directive 2005/32/EC and its implementing regulations, combined with Labelling Directive 2003/66/EC and 2010/30/EC, including implementing measures (1)",
          "F-gas_Regulation": "F-gas Regulation 2006/842/EC",
          "Motor_Vehicles_Directive": "Motor Vehicles Directive 2006/40/EC",
          "Geological_storage": "Directive on the geological storage of CO2 2009/31/EC",
          "Cogeneration_Directive": "Cogeneration Directive 2004/8/EC",
          "End-use_and_energy_services": "Directive 2006/32/EC on end-use energy efficiency and energy services",
          "Energy_Star_Program": "Energy Star Program",
          "Internal_energy_market": "Completion of the internal energy market (including provisions of the 3d package)",
          "Energy_Taxation_Directive": " Energy Taxation Directive 2003/96/EC",
          "IED": "Industrial emissions Directive 2010/75/EU (Recast of IPPC Directive 2008/1/EC and Large Combustion Plant Directive 2001/80/EC)",
          "NEC": "Directive on national emissions' ceilings for certain pollutants 2001/81/EC",
          "Water_Framework": "Water Framework Directive 2000/60/EC",
          "EURO_5_and_6": "Regulation EURO 5 and 6 2007/715/EC",
          "Euro_6_for_HDV": "Regulation Euro VI for heavy duty vehicles 2009/595/EC",
          "FQD": "Fuel Quality Directive 2009/30/EC",
          "Biofuels_directive": "Biofuels directive 2003/30/EC",
          "Landfill_Directive": "Landfill Directive 1999/31/EC",
          "Waste_Directive": "Waste Directive 2006/12/EC",
          "Waste_Management_Framework_Directive": "Waste Management Framework Directive 2008/98/EC",
          "Nitrate_Directive": "Nitrate Directive 1991/676/EEC",
          "CAP_Reform": "Common Agricultural Policy (CAP) Reform 2006/144/EC",
          "CAP_Health_Check_and_Set_aside": "CAP “Health Check” 2008 and the “Set aside” regulation 73/2009",
          "Eurovignette_Directive": "Eurovignette Directive on road infrastructure charging 2011/76/EU",
          "Clean_and_Energy_Efficient_Vehicles": "Directive on the Promotion of Clean and Energy Efficient Road Transport Vehicles 2009/33/EC",
          "Other_EU": "Other (Union policy not listed above or additional Union policy)",
          "Non_EU-related_PAM": "PAM not related to Union policies"
        }
      },
      "ImplementationStatus": {
        "label": "Status provedbe:",
        "list": {
          "Planned": "Planirane",
          "Adopted": "Donesene",
          "Implemented": "Provedene",
          "Expired": "Istekle (samo ako imaju utjecaj, ili ako se očekuje da će i dalje imati utjecaj, na emisije stakleničkih plinova)"
        }
      },
      "ImplementationPeriod": {
        "label": "Razdoblje za provedbu:",
        "start": "Početak",
        "finish": "Kraj"
      },
      "ProjectionsScenario": {
        "label": "Scenarij s projekcijama u koje je uključena politika ili mjera:",
        "list": {
          "WEM": "With existing measures",
          "WAM": "With additional measures"
        }
      },
      "Entities": {
        "label": "Tijela odgovorna za j provedbu politike:",
        "addMore": "Add Entity",
        "remove": "Remove Entity",
        "current": "Current entity list",
        "type": "Entity type",
        "name": "Entity name:",
        "list": {
          "Government": "Nacionalna vlada",
          "Regional": "Regionalna tijela",
          "Local": "Lokalna vlada",
          "Companies": "Trgovačka društva/poduzeća/industrijska udruženja",
          "Research": "Istraživački instituti",
          "Other": "Ostali koji nisu navedeni"
        }
      },
      "Indicators": {
        "label": "Pokazatelji koji se koriste za praćenje i ocjenu napretka tijekom vremena (i ex-post i ex-ante):",
        "current": "Current Indicators list",
        "addMore": "Add More",
        "remove": "Remove Indicator",
        "desc": "Opis",
        "Year": "Godina",
        "Value": "Value"
      },
      "Reference": {
        "label": "Uputa na ocjene i tehnička izvješća na kojima su temeljene:",
        "Text": "Reference",
        "Url": "URL:"
      },
      "Comments": {
        "label": "Opće napomene:"
      }
    },
    "Table2": {
      "PAM": {
        "label": "Group of policies and measures:"
      },
      "PolicyImpact": {
        "label": "Politika koja ima utjecaj na emisije u okviru EU ETS-a i emisije u okviru ESD-a:",
        "EU_ETS": "EU ETS",
        "ESD": "ESD",
        "LULUCF": "Korištenje zemljišta, prenamjena zemljišta, šumarstvo",
        "Total": "Ukupno"
      },
      "Exante": {
        "Title": "Ex-ante ocjena"
      },
      "ExanteEmissions": {
        "label": "GHG emissions reductions for year:"
      },
      "Expost": {
        "Title": "Ex-post ocjena",
        "Year": "Godina na koju se smanjenje odnosi:",
        "Average": "Prosječno smanjenje emisija:",
        "remove": "Remove Entry"
      },
      "ExpostEmissions": {
        "label": "Smanjenje emisija stakleničkih plinova(kt ekvivalenta CO2 po godini):"
      },
      "BasisExplanation": {
        "label": "Objašnjenje temelja za procjenu ublažavanja:"
      },
      "AffectedFactors": {
        "label": "Faktori zahvaćeni politikom ili mjerom:"
      },
      "Documentation": {
        "label": "Dokumentacija/izvor procjene, ako je dostupan:",
        "Reference": "Reference:",
        "Weblink": "Weblink:"
      }
    },
    "Table3": {
      "PAM": {
        "label": "Group of policies and measures:"
      },
      "Costs": {
        "Projected": "Projicirani troškovi i koristi",
        "Realised": "Realizirani troškovi i koristi",
        "CostType": "Cost ",
        "BenefitType": "Benefit ",
        "NetCostType": "Net cost ",
        "CostReduced": "Troškovi u eurima po smanjenoj/se-kvestiranoj toni ekvivalenta CO2eq:",
        "Benefit": "Benefits in EUR per tonne CO2eq reduced/ sequestered:",
        "NetCost": "Net costs in EUR per tonne CO2eq reduced/ sequestered:",
        "CostPerYear": "Godišnji apsolutni troškovi u EUR:",
        "BenefitPerYear": "Absolute benefit per year in EUR:",
        "NetCostPerYear": "Net Cost per year in EUR:",
        "CostCalculatedYear": "Year for which cost has been calculated:",
        "BenefitCalculatedYear": "Year for which benefits has been calculated:",
        "NetCostCalculatedYear": "Year for which net cost has been calculated:",
        "CostReferenceYear": "Price reference year:",
        "CostDescription": "Opis procjene troškova (temelj za procjenu troška, koje vrste troškova su uključene u procjenu, metodologija):",
        "CostDocumentation": {
          "label": "Dokumentacija/izvor procjene troškova:",
          "Reference": "Reference:",
          "Weblink": "Weblink:"
        },
        "BenefitDescription": "Description of benefit estimates (basis for benefit estimate, what type of benefits are included in the estimate, methodology):",
        "BenefitDocumentation": {
          "label": "Documentation/ Source of benefit estimation:",
          "Reference": "Reference:",
          "Weblink": "Weblink:"
        }
      }
    }
  }
}