{
  "Labels": {
    "Webform": {
      "CreatePam": "Create new PAM",
      "Title": "Monitoring Mechanism Regulation",
      "TitlePlaceholder": "Enter Title",
      "Annex": "XI PRIEDAS",
      "Add": "Add",
      "AddPam": "Add PAM",
      "Loading": "Loading...",
      "Complete": "Complete PAM/Group"
    },
    "Overview": {
      "Group": "Policy/measure, or groups of measures",
      "Title": "Title",
      "Table1": "1 lentelė. Su politika ir priemonėmis bei priemonių grupėmis ir politikos priemonėmis susiję sektoriai ir dujos",
      "Table2": "2 lentelė. Turimi pavienės politikos ir priemonių arba jų grupių poveikio ex-ante ir ex-post vertinimo rezultatai",
      "Table3": "3 lentelė. Turimi atskirų politikos sričių ir priemonių arba jų grupių numatomų ir faktinių išlaidų ir naudos švelninant klimato kaitą duomenys",
      "new_table": "Create Table",
      "edit_table": "Edit Table",
      "delete_pam": "Delete"
    },
    "Table1": {
      "Title": "Title for this PAM/Group",
      "isGroup": {
        "label": "Is this a single policy/measure or a group of policies or measures?",
        "placeholder": "teeest",
        "list": {
          "single": "Single",
          "group": "Group"
        }
      },
      "PolicyGroup": {
        "label": "Which policies or measures does it cover?"
      },
      "Sectors": {
        "label": "Susiję(s) sektorius (-iai):",
        "placeholder": "Select Sector(s)",
        "list": {
          "Energy_Supply": "Energijos tiekimas (apima kuro gavybą, perdavimą, paskirstymą ir saugojimą, taip pat energijos ir elektros energijos gamybą)",
          "Energy_Consumption": "Energijos vartojimas (apima galutinių vartotojų, kaip antai namų ūkių, paslaugų teikėjų, pramonės ir žemės ūkio, kuro ir elektros energijos vartojimą)",
          "Transport": "Transportas",
          "Industrial_Processes": "Pramonės procesai (apima pramonės veiklą, kurią vykdant medžiagos fiziškai arba chemiškai transformuojamos ir dėl to išsiskiria ŠESD, ŠESD naudojimą produktuose ir iškastinės anglies naudojimą ne energijos reikmėms)",
          "Agriculture": "žemės ūkis",
          "LULUCF": "žemės naudojimas, žemės naudojimo keitimas ir miškininkystė",
          "Waste": "Atliekų tvarkymas/atliekos",
          "Cross-cutting": "Horizontalieji sektoriai",
          "Other": "Kiti sektoriai"
        },
        "shortlist": {
          "Energy_Supply": "Energijos tiekimas",
          "Energy_Consumption": "Energijos vartojimas",
          "Transport": "Transportas",
          "Industrial_Processes": "Pramonės procesai",
          "Agriculture": "žemės ūkis",
          "LULUCF": "žemės naudojimas, žemės naudojimo keitimas ir miškininkystė",
          "Waste": "Atliekų tvarkymas/atliekos",
          "Cross-cutting": "Horizontalieji sektoriai",
          "Other": "Kiti sektoriai"
        }
      },
      "GreenhouseGases": {
        "label": "Greenhouse gas(es) affected:",
        "placeholder": "Select Gas(es)",
        "list": {
          "CO2": "anglies dioksidas (CO2)",
          "CH4": "metanas (CH4)",
          "N2O": "azoto suboksidas (N2O)",
          "HFC": "hidrofluorangliavandeniliai (HFC)",
          "PFC": "perfluorangliavandeniliai (PFC)",
          "SF6": "sieros heksafluoridas (SF6)",
          "NF3": "azoto trifluoridas (NF3)"
        }
      },
      "Objective": {
        "label": "Tikslas:",
        "placeholder": "Select Objective",
        "select": "Select Objective",
        "list": {
          "ES_renewable": "Atsinaujinančiosios energijos kiekio didinimas",
          "ES_Fuels_witch": "Perėjimas prie mažiau anglingo kuro (angl. less carbon intensive fuels)",
          "ES_nuclear": "Patobulinta neatsinaujinančiosios mažaanglės energijos gamyba (branduolinė)",
          "ES_loss_reduction": "nuostolių sumažinimas",
          "ES_efficiency": "efektyvumo didinimas energetikos ir transformavimo sektoriuose",
          "ES_CSS": "Anglies dioksido surinkimas ir saugojimas",
          "ES_fugitive_emissions": "Gaminant energiją neorganizuotai išmetamų ŠESD kontrolė",
          "ES_other": "Kiti energijos tiekimo srities tikslai",
          "EC_efficiency_buildings": "Pastatų energijos vartojimo efektyvumo didinimas",
          "EC_efficiency_appliances": "Prietaisų energijos vartojimo efektyvumo didinimas",
          "EC_efficiency_services": "paslaugų/tretinio sektoriaus efektyvumo didinimas",
          "EC_efficiency_industry": "Efektyvumo didinimas galutinio pramoninio naudojimo sektoriuose",
          "EC_demand_reduction": "Paklausos valdymas/mažinimas",
          "EC_other": "Kiti energijos vartojimo srities tikslai",
          "TR_vehicle_efficiency": "Transporto priemonių efektyvumo didinimas",
          "TR_modal_shift": "Perėjimas prie viešojo transporto arba nevariklinių transporto priemonių",
          "TR_electric_cars": "Mažaangliai degalai/elektriniai automobiliai",
          "TR_demand_reduction": "Paklausos valdymas/mažinimas",
          "TR_improved_behaviour": "Sąmoningesnis vartotojų elgesys",
          "TR_improved_infrastructure": "Geresnė transporto infrastruktūra",
          "TR_other": "Kiti transporto srities tikslai",
          "IP_abatement_technologies": "Taršos mažinimo technologijų diegimas",
          "IP_F-gas_reduction": "Fluorintų dujų išmetimo mažinimas",
          "IP_F-gas_replacement": "Fluorintų dujų pakeitimas kitomis medžiagomis",
          "IP_fugitive_emissions_control": "Geresnė pramonės procesų metu neorganizuotai išmetamų ŠESD kontrolė",
          "IP_other": "Kiti pramoninių procesų srities tikslai",
          "WA_demand_reduction": "Paklausos valdymas/mažinimas",
          "WA_Recycling": "Efektyvesnis perdirbimas",
          "WA_Methane_collection": "Efektyvesnis CH4 surinkimas ir naudojimas",
          "WA_improved_treatment": "Improved treatobulesnės apdorojimo technologijos",
          "WA_improved_landfill_management": "Tobulesnis sąvartynų tvarkymas",
          "WA_waste_to_energy": "Atliekų deginimas panaudojant energiją",
          "WA_wastewater": "Tobulesnės nuotekų tvarkymo sistemos",
          "WA_reduced_landfilling": "Mažesnis šalinimas sąvartynuose",
          "WA_other": "Kiti atliekų srities tikslai",
          "AG_Fertilizer_use": "Mažesnis trąšų/mėšlo kiekio naudojimas ant pasėlių",
          "AG_cropland_management": "Kita veikla, gerinanti pasėlių tvarkymą",
          "AG_livestock_management": "Geresnis gyvulininkystės valdymas",
          "AG_animal_waste": "Geresnės gyvulių atliekų tvarkymo sistemos",
          "AG_grazing_land_or_grassland": "Veikla, gerinanti ganyklų ir pievų tvarkymą",
          "AG_organic_soils": " Geresnis organinio dirvožemio tvarkymas",
          "AG_other": "Kiti žemės ūkio srities tikslai",
		  
          "LULUCF_afforestation_reforestation": "Miško įveisimas ir miško atkūrimas",
          "LULUCF_carbon_conservation": "Anglies išsaugojimas esamuose miškuose",
          "LULUCF_forest_production": "Efektyvesnė gamyba esamuose miškuose",
          "LULUCF_hwp_pool": "Nukirsto medžio produktų kaupiklio didinimas",
          "LULUCF_forest_management": "Efektyvesnis miškų tvarkymas, miškų naikinimo prevencija",
          "LULUCF_deforestation_prevention": "Apsaugos nuo gamtinių trikdymų stiprinimas",
          "LULUCF_protection_against_natural_disturbances": "žaliavų, kurias naudojant išmetama daug ŠESD",
          "LULUCF_substitution_with_HWP": "Pakeitimas nukirsto miško produktais",
          "LULUCF_wetlands": "šlapynių drenažo prevencija arba jų drėgmės atkūrimas",
          "LULUCF_degraded_lands": "Nualintos žemės atkūrimas",
          "LULUCF_other": "Kiti LULUCF srities tikslai",
          "CC_framework": "Pagrindų politika",
          "CC_multi-sectoral": "Kelis sektorius apimanti politika",
          "CC_other": "Kiti horizontalieji tikslai"
        }
      },
      "ObjectiveOther": {
        "label": "Other objectives list",
        "sectors": "Select sector",
        "text": "Objective Name",
        "remove": "Remove objective"
      },
      "ObjectiveQuantified": {
        "label": "Kiekybinis tiksla",
        "placeholder": "Kiekybinis tiksla"
      },
      "Description": {
        "label": "Trumpas aprašymas:",
        "placeholder": "Type Description"
      },
      "isEnvisaged": {
        "label": "Is the policy or measure envisaged with a view to limiting GHG emissions beyond the Member State commitments under Decision No 406/2009/EC?",
        "list": {
          "yes": "Yes",
          "no": "No"
        }
      },
      "PolicyInstrument": {
        "label": "Politikos priemonės tipas:",
        "placeholder": "Select Policy Instrument",
        "list": {
          "Economic": "Ekonomikos",
          "Fiscal": "Fiskalinė",
          "Voluntary": "Savanoriški/suderėti susitarimai",
          "Regulatory": "Reguliavimo",
          "Information": "Informavimo",
          "Education": "švietimo",
          "Research": "Mokslinių tyrimų",
          "Planning": "Planavimo",
          "Other": "Kita"
        }
      },
      "UnionPolicy": {
        "label": "Sąjungos politika, dėl kurios įgyvendinamos PAM:",
        "other": "Enter other Union Policy",
        "related": "Related",
        "not_related": "Non related",
        "list": {
          "ETS_directive": "EU ETS directive 2003/87/EC as  amended by Directive 2008/101/EC and Directive 2009/29/EC and implementing legislation, in particular 2010/2/EU, 2011/278/EU and 2011/638/EU",
          "Effort_Sharing_Decision": "Effort Sharing Decision 406/2009/EC",
          "RES_directive": "RES directive 2009/28/EC",
          "CO2_and_cars_and_vans_regulations": "Regulation on CO2 from cars and vans (2009/443/EC and no. 510/2011)",
          "Recast_of_EPBD": "Recast of the Energy Performance of Buildings Directive (Directive 2010/31/EU)",
          "Eco-design_Labelling_directives": "Eco-design framework directive 2005/32/EC and its implementing regulations, combined with Labelling Directive 2003/66/EC and 2010/30/EC, including implementing measures (1)",
          "F-gas_Regulation": "F-gas Regulation 2006/842/EC",
          "Motor_Vehicles_Directive": "Motor Vehicles Directive 2006/40/EC",
          "Geological_storage": "Directive on the geological storage of CO2 2009/31/EC",
          "Cogeneration_Directive": "Cogeneration Directive 2004/8/EC",
          "End-use_and_energy_services": "Directive 2006/32/EC on end-use energy efficiency and energy services",
          "Energy_Star_Program": "Energy Star Program",
          "Internal_energy_market": "Completion of the internal energy market (including provisions of the 3d package)",
          "Energy_Taxation_Directive": " Energy Taxation Directive 2003/96/EC",
          "IED": "Industrial emissions Directive 2010/75/EU (Recast of IPPC Directive 2008/1/EC and Large Combustion Plant Directive 2001/80/EC)",
          "NEC": "Directive on national emissions' ceilings for certain pollutants 2001/81/EC",
          "Water_Framework": "Water Framework Directive 2000/60/EC",
          "EURO_5_and_6": "Regulation EURO 5 and 6 2007/715/EC",
          "Euro_6_for_HDV": "Regulation Euro VI for heavy duty vehicles 2009/595/EC",
          "FQD": "Fuel Quality Directive 2009/30/EC",
          "Biofuels_directive": "Biofuels directive 2003/30/EC",
          "Landfill_Directive": "Landfill Directive 1999/31/EC",
          "Waste_Directive": "Waste Directive 2006/12/EC",
          "Waste_Management_Framework_Directive": "Waste Management Framework Directive 2008/98/EC",
          "Nitrate_Directive": "Nitrate Directive 1991/676/EEC",
          "CAP_Reform": "Common Agricultural Policy (CAP) Reform 2006/144/EC",
          "CAP_Health_Check_and_Set_aside": "CAP “Health Check” 2008 and the “Set aside” regulation 73/2009",
          "Eurovignette_Directive": "Eurovignette Directive on road infrastructure charging 2011/76/EU",
          "Clean_and_Energy_Efficient_Vehicles": "Directive on the Promotion of Clean and Energy Efficient Road Transport Vehicles 2009/33/EC",
          "Other_EU": "Other (Union policy not listed above or additional Union policy)",
          "Non_EU-related_PAM": "PAM not related to Union policies"
        }
      },
      "ImplementationStatus": {
        "label": "Įgyvendinimo būklė:",
        "list": {
          "Planned": "Suplanuota",
          "Adopted": "Priimta",
          "Implemented": "Igyvendinta",
          "Expired": " Nebegalioja (nebegaliojanti politika arba priemonė šablone turi būti nurodyta tik jei ji daro poveikį arba tikimasi, kad toliau darys poveikį ŠESD išmetimui)"
        }
      },
      "ImplementationPeriod": {
        "label": "Įgyvendinimo laikotarpis:",
        "start": "Pradžia",
        "finish": "Pabaiga"
      },
      "ProjectionsScenario": {
        "label": "Prognozių scenarijus, į kurį įtrauktos PAM:",
        "list": {
          "WEM": "With existing measures",
          "WAM": "With additional measures"
        }
      },
      "Entities": {
        "label": "Subjektai, atsakingi už jpolitikos įgyvendinimą:",
        "addMore": "Add Entity",
        "remove": "Remove Entity",
        "current": "Current entity list",
        "type": "Entity type",
        "name": "Entity name:",
        "list": {
          "Government": "Nacionalinė Vyriausybė",
          "Regional": "Regioniniai subjektai",
          "Local": "Vietos valdžia",
          "Companies": "Bendrovės, įmonės, pramonės asociacijos",
          "Research": "Mokslinių tyrimų įstaigos",
          "Other": "Kiti sąraše nenurodyti "
        }
      },
      "Indicators": {
        "label": "Rodikliai, naudojami per tam tikrą laiką padarytai pažangai stebėti ir vertinti:",
        "current": "Current Indicators list",
        "addMore": "Add More",
        "remove": "Remove Indicator",
        "desc": "Aprašymas",
        "Year": "Metai",
        "Value": "Value"
      },
      "Reference": {
        "label": "Nuoroda į vertinimus ir pagrindžiamąsias technines ataskaitas:",
        "Text": "Reference",
        "Url": "URL:"
      },
      "Comments": {
        "label": "Bendrosios pastabos:"
      }
    },
    "Table2": {
      "PAM": {
        "label": "Group of policies and measures:"
      },
      "PolicyImpact": {
        "label": "Politika, daranti poveikį išmetamam ŠESD, kurioms taikoma ES ATLPS arba PPS :",
        "EU_ETS": "ES ATLPS",
        "ESD": "ESD",
        "LULUCF": "žemės naudojimas, žemės naudojimo keitimas ir miškininkystė",
        "Total": "Total"
      },
      "Exante": {
        "Title": "Ex ante vertinimas"
      },
      "ExanteEmissions": {
        "label": "GHG emissions reductions for year:"
      },
      "Expost": {
        "Title": "Ex-post vertinimast",
        "Year": "Metai, su kuriais susijęs sumažinimas:",
        "Average": "Vidutinis ŠESD kiekio sumažinimas :",
        "remove": "Remove Entry"
      },
      "ExpostEmissions": {
        "label": "GHG emissions reductions (kt CO2-equivalent per year):"
      },
      "BasisExplanation": {
        "label": "Sumažinimo įverčio pagrindo paaiškinimas:"
      },
      "AffectedFactors": {
        "label": "Veiksniai, kuriems politika arba priemonė turėjo įtakos:"
      },
      "Documentation": {
        "label": "Dokumentai/įverčio šaltinis, jei yra :",
        "Reference": "Reference:",
        "Weblink": "Weblink:"
      }
    },
    "Table3": {
      "PAM": {
        "label": "Group of policies and measures:"
      },
      "Costs": {
        "Projected": "Numatomos išlaidos ir nauda",
        "Realised": "Faktinės išlaidos ir nauda",
        "CostType": "Cost ",
        "BenefitType": "Benefit ",
        "NetCostType": "Net cost ",
        "CostReduced": "Vienos tonos CO2ekv. neišmetimo arba sekvestravimo išlaidos (EUR):",
        "Benefit": "Benefits in EUR per tonne CO2eq reduced/ sequestered:",
        "NetCost": "Net costs in EUR per tonne CO2eq reduced/ sequestered:",
        "CostPerYear": "Absoliučiosios išlaidos per metus:",
        "BenefitPerYear": "Absolute benefit per year in EUR:",
        "NetCostPerYear": "Net Cost per year in EUR:",
        "CostCalculatedYear": "Year for which cost has been calculated:",
        "BenefitCalculatedYear": "Year for which benefits has been calculated:",
        "NetCostCalculatedYear": "Year for which net cost has been calculated:",
        "CostReferenceYear": "Price reference year:",
        "CostDescription": "Išlaidų sąmatos aprašymas (išlaidų sąmatos pagrindas, kokio tipo išlaidos įtrauktos į sąmatą, kokia metodika naudotasi):",
        "CostDocumentation": {
          "label": "Dokumentai/išlaidų sąmatos pagrindas:",
          "Reference": "Reference:",
          "Weblink": "Weblink:"
        },
        "BenefitDescription": "Description of benefit estimates (basis for benefit estimate, what type of benefits are included in the estimate, methodology):",
        "BenefitDocumentation": {
          "label": "Documentation/ Source of benefit estimation:",
          "Reference": "Reference:",
          "Weblink": "Weblink:"
        }
      }
    }
  }
}