{
  "Labels": {
    "Webform": {
      "CreatePam": "Create new PAM",
      "Title": "Monitoring Mechanism Regulation",
      "TitlePlaceholder": "Enter Title",
      "Annex": "ANEXO XI",
      "Add": "Add",
      "AddPam": "Add PAM",
      "Loading": "Loading...",
      "Complete": "Complete PAM/Group"
    },
    "Overview": {
      "Group": "Policy/measure, or groups of measures",
      "Title": "Title",
      "Table1": "Cuadro 1: Sectores y gases a efectos de la notificación de información sobre políticas y medidas y grupos de medidas, así como tipo de instrumento estratégico",
      "Table2": "Cuadro 2: Resultados disponibles de las evaluaciones ex post y ex ante de los efectos de políticas y medidas, o de grupos de políticas y medidas, en la mitigación del cambio climático",
      "Table3": "Cuadro 3: Costes y beneficios proyectados y efectivos de las políticas y medidas, o de los grupos de políticas y medidas, en la mitigación del cambio climático",
      "new_table": "Create Table",
      "edit_table": "Edit Table",
      "delete_pam": "Delete"
    },
    "Table1": {
      "Title": "Title for this PAM/Group",
      "isGroup": {
        "label": "Is this a single policy/measure or a group of policies or measures?",
        "placeholder": "teeest",
        "list": {
          "single": "Single",
          "group": "Group"
        }
      },
      "PolicyGroup": {
        "label": "Which policies or measures does it cover?"
      },
      "Sectors": {
        "label": "Sector(es) afectado(s:",
        "placeholder": "Select Sector(s)",
        "list": {
          "Energy_Supply": "Suministro de energía(extracción, transporte, distribución y almacenamiento de combustibles, así como producción de energía y electricidad)",
          "Energy_Consumption": "Consumo de energía (consumo de combustibles y electricidad por usuarios finales, tales como hogares, servicios, industria y agricultura)",
          "Transport": "Transporte",
          "Industrial_Processes": "Procesos industriales (actividades industriales que transforman materiales química o físicamente y, por ende, generan emisiones de gases de efecto invernadero, utilización de gases de efecto invernadero en productos y usos no energéticos de carbono de combustibles fósiles)",
          "Agriculture": "Agricultura",
          "LULUCF": "Uso de la tierra, cambio de uso de la tierra y silvicultura",
          "Waste": "Gestión de residuos/residuos",
          "Cross-cutting": "Ámbito transversal",
          "Other": "Otros sectores"
        },
        "shortlist": {
          "Energy_Supply": "Suministro de energía",
          "Energy_Consumption": "Consumo de energía",
          "Transport": "Transporte",
          "Industrial_Processes": "Procesos industriales",
          "Agriculture": "Agricultura",
          "LULUCF": "Uso de la tierra, cambio de uso de la tierra y silvicultura",
          "Waste": "Gestión de residuos/residuos",
          "Cross-cutting": "Ámbito transversal",
          "Other": "Otros sectores"
        }
      },
      "GreenhouseGases": {
        "label": "Greenhouse gas(es) affected:",
        "placeholder": "Select Gas(es)",
        "list": {
          "CO2": "Dióxido de carbono (CO2)",
          "CH4": "Metano (CH4)",
          "N2O": "Óxido nitroso (N2O)",
          "HFC": "Hidrofluorocarburos (HFC)",
          "PFC": "Perfluorocarburos (PFC)",
          "SF6": "Hexafluoruro de azufre (SF6)",
          "NF3": "Trifluoruro de nitrógeno (NF3)"
        }
      },
      "Objective": {
        "label": "Objetivo:",
        "placeholder": "Select Objective",
        "select": "Select Objective",
        "list": {
          "ES_renewable": "Incremento de energías renovables",
          "ES_Fuels_witch": "Cambio a combustibles más hipocarbónicos",
          "ES_nuclear": "Más generación hipocarbónica no renovable (nuclear)",
          "ES_loss_reduction": "Reducción de pérdidas",
          "ES_efficiency": "Mejora de la eficiencia en los sectores de la energía y de la transformación",
          "ES_CSS": "Captura y almacenamiento de carbono",
          "ES_fugitive_emissions": "Control de las emisiones fugitivas de la producción de energía",
          "ES_other": "Otros suministros de energía",
          "EC_efficiency_buildings": "Mejora de la eficiencia de los edificios",
          "EC_efficiency_appliances": "Mejora de la eficiencia de los aparatos",
          "EC_efficiency_services": "Mejora de la eficiencia en los servicios/sector terciario",
          "EC_efficiency_industry": "Mejora de la eficiencia en sectores industriales de uso final",
          "EC_demand_reduction": "Gestión/reducción de la demanda",
          "EC_other": "Otros consumos de energía",
          "TR_vehicle_efficiency": "Mejora de la eficiencia de los vehículos",
          "TR_modal_shift": "Cambio modal al transporte público o al transporte no motorizado",
          "TR_electric_cars": "Combustibles hipocarbónicos/coches eléctricos",
          "TR_demand_reduction": "Gestión/reducción de la demanda",
          "TR_improved_behaviour": "Mejora del comportamiento",
          "TR_improved_infrastructure": "Mejora de la infraestructura de transporte",
          "TR_other": "Otro transporte",
          "IP_abatement_technologies": "Instalación de tecnologías de reducción de la contaminación",
          "IP_F-gas_reduction": "Reducción de las emisiones de gases fluorados",
          "IP_F-gas_replacement": "Sustitución de los gases fluorados por otras sustancias",
          "IP_fugitive_emissions_control": "Mejora del control de las emisiones fugitivas de los procesos industriales",
          "IP_other": "Otros procesos industriales",
          "WA_demand_reduction": "Gestión/reducción de la demanda",
          "WA_Recycling": "Mejora del reciclado",
          "WA_Methane_collection": "Mejora de la recogida y uso de CH4",
          "WA_improved_treatment": "Mejora de las tecnologías de tratamiento",
          "WA_improved_landfill_management": "Mejora de la gestión de vertederos",
          "WA_waste_to_energy": "Incineración de residuos con uso de energía",
          "WA_wastewater": "Mejora de los sistemas de gestión de aguas residuales",
          "WA_reduced_landfilling": "Reducción de los vertidos",
          "WA_other": "Otros residuos",
          "AG_Fertilizer_use": "Reducción del uso de fertilizantes/estiércol en tierras agrícolas",
          "AG_cropland_management": "Otras actividades de mejora de la gestión de tierras agrícolas",
          "AG_livestock_management": "Mejora de la gestión ganadera",
          "AG_animal_waste": "Mejora de los sistemas de gestión de residuos animales",
          "AG_grazing_land_or_grassland": "Actividades de mejora de la gestión de pastizales o praderas",
          "AG_organic_soils": "Mejora de la gestión de suelos orgánicos",
          "AG_other": "Otra agricultura",
          "LULUCF_afforestation_reforestation": "Forestación y reforestación",
          "LULUCF_carbon_conservation": "Conservación de carbono en los bosques existentes",
          "LULUCF_forest_production": "Mejora de la producción en los bosques existentes",
          "LULUCF_hwp_pool": "Incremento de las reservas de productos de madera aprovechados",
          "LULUCF_forest_management": "Mejora de la gestión forestal",
          "LULUCF_deforestation_prevention": "Prevención de la deforestación",
          "LULUCF_protection_against_natural_disturbances": "Reforzando la protección frente a perturbaciones naturales",
          "LULUCF_substitution_with_HWP": "Sustitución de las materias primas y productos intensivos en GEI por productos de madera aprovechados",
          "LULUCF_wetlands": "Prevención del drenaje o rehumidificación de humedales",
          "LULUCF_degraded_lands": "Restablecimiento de tierras degradadas",
          "LULUCF_other": "Otras actividades LULUCF",
          "CC_framework": "Política marco",
          "CC_multi-sectoral": "Política multisectorial",
          "CC_other": "Otros aspectos transversales"
        }
      },
      "ObjectiveOther": {
        "label": "Other objectives list",
        "sectors": "Select sector",
        "text": "Objective Name",
        "remove": "Remove objective"
      },
      "ObjectiveQuantified": {
        "label": "Objetivo cuantificado",
        "placeholder": "Objetivo cuantificado"
      },
      "Description": {
        "label": "Breve descripción:",
        "placeholder": "Type Description"
      },
      "isEnvisaged": {
        "label": "Is the policy or measure envisaged with a view to limiting GHG emissions beyond the Member State commitments under Decision No 406/2009/EC?",
        "list": {
          "yes": "Yes",
          "no": "No"
        }
      },
      "PolicyInstrument": {
        "label": "Tipo de instrumento estratégico:",
        "placeholder": "Select Policy Instrument",
        "list": {
          "Economic": "Económica",
          "Fiscal": "Fiscal",
          "Voluntary": "Acuerdos voluntarios/negociados",
          "Regulatory": "Reglamentación",
          "Information": "Información",
          "Education": "Educación",
          "Research": "Ιnvestigación",
          "Planning": "Planificación",
          "Other": "Otros"
        }
      },
      "UnionPolicy": {
        "label": "Política de la Unión como resultado de la cual se aplican la política o medida:",
        "other": "Enter other Union Policy",
        "related": "Related",
        "not_related": "Non related",
        "list": {
          "ETS_directive": "EU ETS directive 2003/87/EC as  amended by Directive 2008/101/EC and Directive 2009/29/EC and implementing legislation, in particular 2010/2/EU, 2011/278/EU and 2011/638/EU",
          "Effort_Sharing_Decision": "Effort Sharing Decision 406/2009/EC",
          "RES_directive": "RES directive 2009/28/EC",
          "CO2_and_cars_and_vans_regulations": "Regulation on CO2 from cars and vans (2009/443/EC and no. 510/2011)",
          "Recast_of_EPBD": "Recast of the Energy Performance of Buildings Directive (Directive 2010/31/EU)",
          "Eco-design_Labelling_directives": "Eco-design framework directive 2005/32/EC and its implementing regulations, combined with Labelling Directive 2003/66/EC and 2010/30/EC, including implementing measures (1)",
          "F-gas_Regulation": "F-gas Regulation 2006/842/EC",
          "Motor_Vehicles_Directive": "Motor Vehicles Directive 2006/40/EC",
          "Geological_storage": "Directive on the geological storage of CO2 2009/31/EC",
          "Cogeneration_Directive": "Cogeneration Directive 2004/8/EC",
          "End-use_and_energy_services": "Directive 2006/32/EC on end-use energy efficiency and energy services",
          "Energy_Star_Program": "Energy Star Program",
          "Internal_energy_market": "Completion of the internal energy market (including provisions of the 3d package)",
          "Energy_Taxation_Directive": " Energy Taxation Directive 2003/96/EC",
          "IED": "Industrial emissions Directive 2010/75/EU (Recast of IPPC Directive 2008/1/EC and Large Combustion Plant Directive 2001/80/EC)",
          "NEC": "Directive on national emissions' ceilings for certain pollutants 2001/81/EC",
          "Water_Framework": "Water Framework Directive 2000/60/EC",
          "EURO_5_and_6": "Regulation EURO 5 and 6 2007/715/EC",
          "Euro_6_for_HDV": "Regulation Euro VI for heavy duty vehicles 2009/595/EC",
          "FQD": "Fuel Quality Directive 2009/30/EC",
          "Biofuels_directive": "Biofuels directive 2003/30/EC",
          "Landfill_Directive": "Landfill Directive 1999/31/EC",
          "Waste_Directive": "Waste Directive 2006/12/EC",
          "Waste_Management_Framework_Directive": "Waste Management Framework Directive 2008/98/EC",
          "Nitrate_Directive": "Nitrate Directive 1991/676/EEC",
          "CAP_Reform": "Common Agricultural Policy (CAP) Reform 2006/144/EC",
          "CAP_Health_Check_and_Set_aside": "CAP “Health Check” 2008 and the “Set aside” regulation 73/2009",
          "Eurovignette_Directive": "Eurovignette Directive on road infrastructure charging 2011/76/EU",
          "Clean_and_Energy_Efficient_Vehicles": "Directive on the Promotion of Clean and Energy Efficient Road Transport Vehicles 2009/33/EC",
          "Other_EU": "Other (Union policy not listed above or additional Union policy)",
          "Non_EU-related_PAM": "PAM not related to Union policies"
        }
      },
      "ImplementationStatus": {
        "label": "Estado de aplicación:",
        "list": {
          "Planned": "Planificada",
          "Adopted": "Adoptada",
          "Implemented": "Implementada",
          "Expired": "Expirada (solo deben notificarse en la plantilla si tienen un efecto, o se espera que sigan teniéndolo, en las emisiones de gases de efecto invernadero)"
        }
      },
      "ImplementationPeriod": {
        "label": "Periodo de aplicación:",
        "start": "Inicio",
        "finish": "Término"
      },
      "ProjectionsScenario": {
        "label": "Escenario de previsiones con inclusión de la política o medida:",
        "list": {
          "WEM": "With existing measures",
          "WAM": "With additional measures"
        }
      },
      "Entities": {
        "label": "Entidades responsables de la aplicación de la política:",
        "addMore": "Add Entity",
        "remove": "Remove Entity",
        "current": "Current entity list",
        "type": "Entity type",
        "name": "Entity name:",
        "list": {
          "Government": "Administración nacional",
          "Regional": "Εntidades regionales",
          "Local": "Administración local",
          "Companies": "Compañías/empresas/asociaciones industriales",
          "Research": "Centros de investigación",
          "Other": "Otras entidades no enumeradas "
        }
      },
      "Indicators": {
        "label": "Indicadores utilizados para seguir y evaluar los avances a lo largo del tiempo (ex post o ex ante):",
        "current": "Current Indicators list",
        "addMore": "Add More",
        "remove": "Remove Indicator",
        "desc": "Descripción",
        "Year": "Año",
        "Value": "Value"
      },
      "Reference": {
        "label": "Referencia a evaluaciones e informes técnicos de apoyo:",
        "Text": "Referencia",
        "Url": "URL:"
      },
      "Comments": {
        "label": "Observaciones generales:"
      }
    },
    "Table2": {
      "PAM": {
        "label": "Group of policies and measures:"
      },
      "PolicyImpact": {
        "label": "Política con impacto en las emisiones del RCDE de la UE o de la Decisión de reparto del esfuerzo :",
        "EU_ETS": "RCDE UE",
        "ESD": "Decisión de reparto del esfuerzo",
        "LULUCF": "Uso de la tierra, cambio de uso de la tierra y silvicultura",
        "Total": "Total"
      },
      "Exante": {
        "Title": "Evaluación ex ante"
      },
      "ExanteEmissions": {
        "label": "GHG emissions reductions for year:"
      },
      "Expost": {
        "Title": "Evaluación ex post",
        "Year": "Año en el que se aplica la reducción:",
        "Average": "Reducción media de las emisiones :",
        "remove": "Remove Entry"
      },
      "ExpostEmissions": {
        "label": "Reducción de las emisiones de GEI en t (kt equivalentes de CO2 al año):"
      },
      "BasisExplanation": {
        "label": "Explicación de la base de las estimaciones de mitigación:"
      },
      "AffectedFactors": {
        "label": "Factores afectados por la política o medida:"
      },
      "Documentation": {
        "label": "Documentación/Fuente de la estimación, si está disponible:",
        "Reference": "Referencia:",
        "Weblink": "Weblink:"
      }
    },
    "Table3": {
      "PAM": {
        "label": "Group of policies and measures:"
      },
      "Costs": {
        "Projected": "Costes y beneficios proyectados",
        "Realised": "Costes y beneficios efectivos",
        "CostType": "Cost ",
        "BenefitType": "Benefit ",
        "NetCostType": "Net cost ",
        "CostReduced": "Costes en EUR por tonelada de CO2eq reducida/capturada:",
        "Benefit": "Benefits in EUR per tonne CO2eq reduced/ sequestered:",
        "NetCost": "Net costs in EUR per tonne CO2eq reduced/ sequestered:",
        "CostPerYear": "Costes anuales absolutos en EUR :",
        "BenefitPerYear": "Absolute benefit per year in EUR:",
        "NetCostPerYear": "Net Cost per year in EUR:",
        "CostCalculatedYear": "Year for which cost has been calculated:",
        "BenefitCalculatedYear": "Year for which benefits has been calculated:",
        "NetCostCalculatedYear": "Year for which net cost has been calculated:",
        "CostReferenceYear": "Price reference year:",
        "CostDescription": "Descripción de las estimaciones de costes (base de la estimación, tipo de costes incluidos en la estimación, metodología):",
        "CostDocumentation": {
          "label": "Documentación/Fuente de la estimación de costes:",
          "Reference": "Reference:",
          "Weblink": "Weblink:"
        },
        "BenefitDescription": "Description of benefit estimates (basis for benefit estimate, what type of benefits are included in the estimate, methodology):",
        "BenefitDocumentation": {
          "label": "Documentation/ Source of benefit estimation:",
          "Reference": "Referencia:",
          "Weblink": "Weblink:"
        }
      }
    }
  }
}