{
  "Labels": {
    "Webform": {
      "CreatePam": "Créer par la politique/mesure",
      "Title": "Mécanisme de surveillance règlement",
      "TitlePlaceholder": "Entrez Titre",
       "Annex": "ANNEXE XI",
      "Add": "Ajouter",
      "AddPam": "Ajouter par la politique/mesure",
      "Loading": "Chargement..."
    },
    "Overview": {
      "Group": "Politique, mesure ou groupes de politiques et mesures",
      "Title": "Titre",
      "Table1": "Tableau 1: Secteurs et gaz pour la déclaration des politiques, mesures et groupes de mesures, et type d'instrumentt",
      "Table2": "Tableau 2: Résultats disponibles des évaluations ex ante et ex post des effets de chaque politique et mesure ou des groupes de politiques et mesures relatives à l'atténuation du changement climatique",
      "Table3": "Tableau 3: Coûts et avantages prévus et effectifs de chaque politique et mesure ou des groupes de politiques et mesures relatives à l'atténuation du changement climatique",
      "new_table": "Créer Titre",
      "edit_table": "Editer Titre",
      "delete_pam": "Effacer"
    },
    "Table1": {
      "Title": "Titre pour cette politique/mesure/Groupe",
      "isGroup": {
        "label": "Is this a single policy/measure or a group of policies or measures?",
        "placeholder": "teeest",
        "list": {
          "single": "Unique",
          "group": "Groupe"
        }
      },
      "PolicyGroup":{
        "label": "Which policies or measures does it cover?"
      },
      "Sectors": {
          "label": "Secteur(s) concerné(s):",
          "placeholder": "Choisir Secteur(s)",
          "list": {              
              "Energy_Supply": "Approvisionnement énergétique (comprenant l'extraction, le transport, la distribution et le stockage de combustibles ainsi que la production d'énergie et d'électricité)",
              "Energy_Consumption": "Consommation d'énergie (comprenant la consommation de combustibles et d'électricité par les utilisateurs finals tels que les ménages, les services, l'industrie et l'agriculture)",
              "Transport": "Transport",
              "Industrial_Processes": "Procédés industriels(comprenant les activités industrielles qui transforment chimiquement ou physiquement des matériaux entraînant l'émission de gaz à effet de serre, l'utilisation de GES dans des produits et les utilisations non énergétiques du gaz carbonique provenant de combustibles fossiles)",
              "Agriculture": "Agriculture",
              "LULUCF": "Utilisation des terres, changement d'affectation des terres et foresterie",
              "Waste": "Gestion des déchets/déchets",
              "Cross-cutting": "Activités transversales",
              "Other": "Autres secteurs"
          },
          "shortlist": {
              "Energy_Supply": "Approvisionnement énergétique",
              "Energy_Consumption": "Consommation d'énergie",
              "Transport": "Transport",
              "Industrial_Processes": "Procédés industriels",
              "Agriculture": "Agriculture",
              "LULUCF": "Utilisation des terres, changement d'affectation des terres et foresterie",
              "Waste": "Gestion des déchets/déchets",
              "Cross-cutting": "Activités transversales",
              "Other": "Autres secteurs"
          }
      },
      "GreenhouseGases": {
        "label": "Gaz à effet de serre concerné(s):",
        "placeholder": "Sélectionner Gas(es)",
        "list": {
          "CO2": "Dioxyde de carbone (CO2)",
          "CH4": "Méthane (CH4)",
          "N2O": "Protoxyde d'azote (N2O)",
          "HFC": "Hydrocarbures fluorés (HFC)",
          "PFC": "Hydrocarbures perfluorés (PFC)",
          "SF6": "Hexafluorure de soufre (SF6)",
          "NF3": "Trifluorure d'azote (NF3)"
        }
      },
      "Objective": {     
        "label": "Objectif:",
        "placeholder": "Sélectionner Objectif",
        "select": "Sélectionner Objectif",
        "list": {
            "ES_renewable": "Augmentation du recours aux énergies renouvelables",
            "ES_Fuels_witch": "Adoption de combustibles à moindre intensité de carbone",
            "ES_nuclear": "Production à faible intensité de carbone améliorée à partir de sources non renouvelables (nucléaire)",
            "ES_loss_reduction": "Réduction des pertes",
            "ES_efficiency": "Amélioration du rendement dans le secteur de l'énergie et de la transformation",
            "ES_CSS": "Piégeage et stockage du carbone",
            "ES_fugitive_emissions": "Lutte contre les émissions fugaces lors de la production d'énergie",
            "ES_other": "Autres sources d'approvisionnement énergétique",

            "EC_efficiency_buildings": "Αmélioration de l'efficacité énergétique des bâtiments",
            "EC_efficiency_appliances": "Αmélioration de l'efficacité énergétique des équipements",
            "EC_efficiency_services": "Αmélioration de l'efficacité énergétique dans le secteur tertiaire/les services",
            "EC_efficiency_industry": "Αmélioration de l'efficacité énergétique dans le secteur industriel (utilisation finale)",
            "EC_demand_reduction": "Gestion/réduction de la demande",
            "EC_other": "Autre consommation d'énergie",

            "TR_vehicle_efficiency": "Amélioration de l'efficacité énergétique des véhicules",
            "TR_modal_shift": "Transfert modal vers les transports publics ou non motorisés",
            "TR_electric_cars": "Voitures électriques/combustibles à faible intensité de carbone",
            "TR_demand_reduction": "Gestion/réduction de la demande",
            "TR_improved_behaviour": "Amélioration des comportements",
            "TR_improved_infrastructure": "Amélioration des infrastructures de transport ferroviaire",
            "TR_other": "Autres transports",

            "IP_abatement_technologies": "Installation de techniques de réduction des émissions",
            "IP_F-gas_reduction": "Réduction des émissions de gaz fluorés",
            "IP_F-gas_replacement": "Remplacement des gaz fluorés par d'autres substances",
            "IP_fugitive_emissions_control": "Meilleur contrôle des émissions fugaces provenant des procédés industriels",
            "IP_other": "Autres procédés industriels",

            "WA_demand_reduction": "Gestion/réduction de la demande",
            "WA_Recycling": "Meilleur recyclage",
            "WA_Methane_collection": "Amélioration de la collecte et de l'utilisation du CH4",
            "WA_improved_treatment": "Amélioration des techniques de traitement",
            "WA_improved_landfill_management": "Amélioration de la gestion des décharges",
            "WA_waste_to_energy": "Incinération des déchets avec récupération de l'énergie",
            "WA_wastewater": "Amélioration des systèmes de gestion des eaux usées",
            "WA_reduced_landfilling": " Réduction de la mise en décharge",
            "WA_other": "Autres déchets",

            "AG_Fertilizer_use": "Réduction de l'utilisation d'engrais/fumier sur les terres cultivées",
            "AG_cropland_management": "Autres activités améliorant la gestion des terres cultivées",
            "AG_livestock_management": "Meilleure gestion du bétail",
            "AG_animal_waste": "Amélioration des systèmes de gestion des déchets animaux",
            "AG_grazing_land_or_grassland": "Activités améliorant la gestion des pâturages ou prairies",
            "AG_organic_soils": "Amélioration de la gestion des sols organiques",
            "AG_other": "Autres activités agricoles",

            "LULUCF_afforestation_reforestation": "Boisement et reboisement",
            "LULUCF_carbon_conservation": "Conserver le carbone dans les forêts existantes",
            "LULUCF_forest_production": "Stimuler la production dans les forêts existantes",
            "LULUCF_hwp_pool": "Accroître le réservoir de produits ligneux récoltés",
            "LULUCF_forest_management": "Améliorer la gestion des forêts",
            "LULUCF_deforestation_prevention": "Prévenir le déboisement",
            "LULUCF_protection_against_natural_disturbances": "Renforcer la protection contre les perturbations naturelles",
            "LULUCF_substitution_with_HWP": " Remplacer des matières énergétiques et des matériaux dégageant des volumes élevés de gaz à effet de serre par des produits ligneux récoltés",
            "LULUCF_wetlands": "Prévention du drainage ou réhumidification des zones humides",
            "LULUCF_degraded_lands": "Remise en état des terres dégradées",
            "LULUCF_other": "Autres UTCAFT",


            "CC_framework": "Politique-cadre",
            "CC_multi-sectoral": "Politique multisectorielle",
            "CC_other": "Autres activités transversales"                                
        }
    },
    "ObjectiveOther": {
      "label" : "Other objectives list",
      "sectors": "Select sector",
      "text": "Type objective",            
      "remove": "Remove objective"
    },
    "ObjectiveQuantified": {
        "label": "Objectif quantifiéd",
        "placeholder": "Objectif quantifiéd"
    },
    "Description": {
        "label": "Description succincte:",
        "placeholder": "Type Description"
    },
    "isEnvisaged": {
        "label": "Is the policy or measure envisaged with a view to limiting GHG emissions beyond the Member State commitments under Decision No 406/2009/EC?",
        "list": {
            "yes": "Oui",
            "no": "Ne pas"
        }
    },
    "PolicyInstrument": {
        "label": "Type d'instrument:",
        "placeholder": "Choisir de d'instrument",
        "list": {
            "Economic": "Economique",
            "Fiscal": "Budgétaire",
            "Voluntary": "Accords volontaires/négociés",
            "Regulatory": "Réglementaire",
            "Information": "Information",
            "Education": "Education",
            "Research": "Recherche",
            "Planning": "Planification",
            "Other": "Autre"
        }
    },
    "UnionPolicy": {
    "label": "Politique de l'Union ayant entraîné la mise en œuvre de la politique/mesure:",                                
    "other": "Entrez les autres Politique de l'Union",
    "related": "Connexe",
    "not_related": "Non connexes",
    "list": {
        "ETS_directive": "EU ETS directive 2003/87/EC as  amended by Directive 2008/101/EC and Directive 2009/29/EC and implementing legislation, in particular 2010/2/EU, 2011/278/EU and 2011/638/EU",
        "Effort_Sharing_Decision": "Effort Sharing Decision 406/2009/EC",
        "RES_directive": "RES directive 2009/28/EC",
        "CO2_and_cars_and_vans_regulations": "Regulation on CO2 from cars and vans (2009/443/EC and no. 510/2011)",
        "Recast_of_EPBD": "Recast of the Energy Performance of Buildings Directive (Directive 2010/31/EU)",
        "Eco-design_Labelling_directives": "Eco-design framework directive 2005/32/EC and its implementing regulations, combined with Labelling Directive 2003/66/EC and 2010/30/EC, including implementing measures (1)",
        "F-gas_Regulation": "F-gas Regulation 2006/842/EC",
        "Motor_Vehicles_Directive": "Motor Vehicles Directive 2006/40/EC",
        "Geological_storage": "Directive on the geological storage of CO2 2009/31/EC",
        "Cogeneration_Directive": "Cogeneration Directive 2004/8/EC",
        "End-use_and_energy_services": "Directive 2006/32/EC on end-use energy efficiency and energy services",
        "Energy_Star_Program": "Energy Star Program",
        "Internal_energy_market": "Completion of the internal energy market (including provisions of the 3d package)",
        "Energy_Taxation_Directive": " Energy Taxation Directive 2003/96/EC",
        "IED": "Industrial emissions Directive 2010/75/EU (Recast of IPPC Directive 2008/1/EC and Large Combustion Plant Directive 2001/80/EC)",
        "NEC": "Directive on national emissions' ceilings for certain pollutants 2001/81/EC",
        "Water_Framework": "Water Framework Directive 2000/60/EC",
        "EURO_5_and_6": "Regulation EURO 5 and 6 2007/715/EC",
        "Euro_6_for_HDV": "Regulation Euro VI for heavy duty vehicles 2009/595/EC",
        "FQD": "Fuel Quality Directive 2009/30/EC",
        "Biofuels_directive": "Biofuels directive 2003/30/EC",
        "Landfill_Directive": "Landfill Directive 1999/31/EC",
        "Waste_Directive": "Waste Directive 2006/12/EC",
        "Waste_Management_Framework_Directive": "Waste Management Framework Directive 2008/98/EC",
        "Nitrate_Directive": "Nitrate Directive 1991/676/EEC",
        "CAP_Reform": "Common Agricultural Policy (CAP) Reform 2006/144/EC",
        "CAP_Health_Check_and_Set_aside": "CAP “Health Check” 2008 and the “Set aside” regulation 73/2009",
        "Eurovignette_Directive": "Eurovignette Directive on road infrastructure charging 2011/76/EU",
        "Clean_and_Energy_Efficient_Vehicles": "Directive on the Promotion of Clean and Energy Efficient Road Transport Vehicles 2009/33/EC",
        "Other_EU": "Other (Union policy not listed above or additional Union policy)",
        "Non_EU-related_PAM": "PAM not related to Union policies"
            }
        },
        "ImplementationStatus": {
            "label": "État d'avancement:",
            "list": {
                "Planned": "Prévu",
                "Adopted": "Adopté",
                "Implemented": "Mis en œuvre",
                "Expired": "Arrivé à expiration (uniquement si elles ont ou devraient continuer d'avoir une incidence sur les émissions de gaz à effet de serre)"
            }
        },
        "ImplementationPeriod": { 
            "label": "Période de mise en œuvre:",
            "start": "Début",
            "finish": "Fin"
        },
        "ProjectionsScenario": {
            "label": "Scénarios de projection tenant compte de la politique/mesure:",
            "list": {
                "WEM": "Avec les mesures existantes",
                "WAM": "Avec des mesures supplémentaires"
            }
        },
        "Entities": {       
            "label": "Entités responsables de la mise en œuvre de la politique:",
            "addMore": "Ajouter une entité",
            "remove": "Retirer entité",
            "current": "Liste des entités actuelle",
            "type": "Type d'entité",
            "name": "Nom de l'entité:",
            "list": {
                "Government": "Gouvernement national",
                "Regional": "Entités régionales",
                "Local": "Administration locale",
                "Companies": "Sociétés/entreprises/associations industrielles", 
                "Research": "Organismes de recherche",
                "Other": "Autres"
            }
        },
        "Indicators": {
            "label": "Indicateurs servant à surveiller les progrès accomplis au fil du temps (ex-post ou ex-ante):",
            "addMore": "Ajouter Plus",
            "remove": "Retirer Indicateur",
            "desc": "Description",
            "Year": "Année",
            "Value": "Valeur"
        },
        "Reference": {
            "label": "Référence aux évaluations et rapports techniques sous-jacents:",
            "Text": "Référence",
            "Url": "URL:"
        },
        "Comments": {
            "label": "Commentaires d'ordre général:"
        }
    },
    "Table2": {
      "PAM": {
        "label": "Groupes de politiques et mesures:"
      },
      "PolicyImpact": {
        "label": "Politique ayant une incidence sur les émissions dans le cadre du SEQE ou de la décision sur la répartition de l'effort (ESD) :",
        "EU_ETS": "SEQE de l'Union européenne",
        "ESD": "ESD",
        "Total": "Total"
      },
      "Exante": {
        "Title": "Évaluation ex ante"
      },
      "ExanteEmissions": {
        "label": "Réductions des émissions de GES en l'année:"
      },
      "Expost": {
        "Title": "Évaluation ex post",
        "Year": "Année pour laquelle la réduction s'applique:",
        "Average": "Réduction moyenne des émissions:",
        "remove": "Retirer Évaluation Expost"
      },
      "ExpostEmissions": {
        "label": "Réductions des émissions de GES (kt éq. CO2 par an):"
      },
      "BasisExplanation": {
        "label": "Explication de la base de calcul de l'atténuation estimée:"
      },
      "AffectedFactors": {
        "label": "Facteurs affectés par la politique/mesure:"
      },
      "Documentation": {
        "label": "Documentation/source d'estimation si disponible :",
        "Reference": "Référence:",
        "Weblink": "Hyperlien:"
      }
    },
    "Table3": {
      "PAM": {
        "label": "Groupes de politiques et mesures:" 
      },
      "Costs": {
        "Projected": "Coûts et avantages prévus",
        "Realised": "Coûts et avantages effectifs",                
        "CostType": "Coût ",
        "BenefitType": "Avantage ",
        "NetCostType": "Coût net ",
        "CostReduced": "Coûts en EUR par tonne d'éq. CO2 réduit/piégé:",
        "Benefit": "Avantages en EUR par tonne d'éq. CO2 réduit/piégé:",
        "NetCost": "Coûts net en EUR par tonne d'éq. CO2 réduit/piégé:",
        "CostPerYear": "Coût absolu par an en EUR :",
        "BenefitPerYear": "Avantage par an en EUR:",
        "NetCostPerYear": "Coût net par an en EUR:",
        "CostCalculatedYear": "Année faisant l'objet coût du calcul:",
        "BenefitCalculatedYear": "Année faisant l'objet avantages du calcul:",
        "NetCostCalculatedYear": "Année faisant l'objet coûts net du calcul:",
        "CostReferenceYear": "Année de référence de prix:",
        "CostDescription": "Description des coûts estimés (base pour l'estimation des coûts, type de coûts inclus dans l'estimation, méthodologie):",
        "CostDocumentation": {
          "label": "Documents/source d'estimation des coûts:",
          "Reference": "Référence:",
          "Weblink": "Hyperlien:"
        },
        "BenefitDescription": "Description des avantages estimés (base pour l'estimation des avantages, type de avantages inclus dans l'estimation, méthodologie):",
        "BenefitDocumentation": {
          "label": "Documents/source d'estimation des avantages:",
          "Reference": "Référence:",
          "Weblink": "Hyperlien:"
        }
      }     
    }            
  }
}