{
  "Labels": {
    "Webform": {
      "PamNumber": "PAM number",
      "CreatePam": "Create new PAM",
      "Title": "Monitoring Mechanism Regulation",
      "FormTitle": "Policies or Measures (PAMs)",
      "TitlePlaceholder": "Enter Title",
      "Annex": "PŘÍLOHA XI",
      "Add": "Add",
      "Remove": "Remove",
      "AddSingle": "Add Single",
      "AddGroup": "Add Group",
      "Loading": "Loading...",
      "Complete": "Complete PAM/Group",
      "Group": "Group",
      "Single": "Single",
      "PleaseUpdate": "Please Update individual PAM field",      
      "Notes": "Notes",
      "Type": "Type",
      "Name": "Name",
      "Yes": "Yes",
      "No": "No",
      "Sector": "Sector"
    },
    "Overview": {
      "label": "Overview",
      "heading": "Overview Table",
      "PamNumber": "PAM number",
      "Group": "Policy/measure, or groups of measures",
      "Title": "Title",
      "Table1": "Tabulka č. 1: Odvětví a plyny pro podávání informací o politikách a opatřeních a skupinách opatření a druh politického nástroje",
      "Table2": "Tabulka č. 2: Dostupné výsledky předběžného a následného posouzení dopadů jednotlivých politik a opatření nebo jejich skupin na zmírnění změny klimatu",
      "Table3": "Tabulka č. 3: Dostupné odhadované a skutečné náklady a přínosy jednotlivých politik a opatření či jejich skupin týkajících se zmírnění změny klimatu",
      "new_table": "Create Table",
      "edit_table1": "Edit Table 1",
      "edit_table2": "Edit Table 2",
      "edit_table3": "Edit Table 3",
      "delete_pam": "Delete"
    },
    "Table1": {
      "Tab": "Table1",
      "Title": "Name of PAM or group of PAMs",
      "Asterisk": "* Mandatory reporting requirements.",
      "isGroup": {
        "label": "Is this a single PAM or a group of PAMs?",
        "placeholder": "teeest",
        "list": {
          "single": "Single",
          "group": "Group"
        }
      },
      "PolicyGroup": {
        "label": "Which policies or measures does it cover?"
      },
      "Sectors": {
        "label": "Dotčená odvětví:",
        "placeholder": "Select Sector(s)",
        "list": {
          "Energy_Supply": "Zásobování energií (což zahrnuje těžbu, přepravu, distribuci a skladování paliv a rovněž výrobu energie a elektřiny)",
          "Energy_Consumption": "Spotřeba energie (což zahrnuje spotřebu paliv a elektřiny konečnými uživateli, jako jsou domácnosti, služby, průmysl a zemědělství)",
          "Transport": "Doprava",
          "Industrial_Processes": "Průmyslové procesy (což zahrnuje činnosti, při nichž dochází k chemické nebo fyzické přeměně materiálů vedoucí k emisím skleníkových plynů, využití skleníkových plynů v produktech a neenergetická užití uhlíku z fosilních paliv)",
          "Agriculture": "Zemědělství",
          "LULUCF": "Využívání půdy, změny ve využívání půdy a lesnictví",
          "Waste": "Nakládání s odpady/odpady",
          "Cross-cutting": "Průřezová odvětví",
          "Other": "Ostatní odvětví"
        },
        "shortlist": {
          "Energy_Supply": "Zásobování energií",
          "Energy_Consumption": "Spotřeba energie",
          "Transport": "Doprava",
          "Industrial_Processes": "Průmyslové procesy",
          "Agriculture": "Zemědělství",
          "LULUCF": "Využívání půdy, změny ve využívání půdy a lesnictví",
          "Waste": "Nakládání s odpady/odpady",
          "Cross-cutting": "Průřezová odvětví",
          "Other": "Ostatní odvětví",
          "null": ""
        }
      },
      "GreenhouseGases": {
        "label": "Greenhouse gas(es) affected:",
        "placeholder": "Select Gas(es)",
        "list": {
          "CO2": "Oxid uhličitý (CO2)",
          "CH4": "Metan (CH4)",
          "N2O": "Oxid dusný (N2O)",
          "HFC": "Fluorované uhlovodíky (HFC)",
          "PFC": "Perfluorované uhlovodíky (PFC)",
          "SF6": "Fluorid sírový  (SF6)",
          "NF3": "Fluorid dusitý (NF3)"
        }
      },
      "Objective": {
        "label": "Cíl:",
        "placeholder": "Select Objective(s)",
        "select": "Select Objective(s)",
        "current": "Objective(s)",
        "emptySectors": "You need to select at least one Sector to view and select Objectives",
        "list": {
          "ES_renewable": "Větší využívání energie z obnovitelných zdrojů",
          "ES_Fuels_witch": "Přechod na uhlíkově méně náročná paliva",
          "ES_nuclear": "Větší nízkouhlíková výroba energie z neobnovitelných zdrojů (jaderná energie)",
          "ES_loss_reduction": "Snížení ztrát",
          "ES_efficiency": "Zvýšení účinnosti v energetickém a transformačním sektoru",
          "ES_CSS": "Zachycování a ukládání CO2",
          "ES_fugitive_emissions": "Kontrola fugitivních emisí z výroby energie",
          "ES_other": "Ostatní dodávky energie",

          "EC_efficiency_buildings": "Zlepšení energetické náročnosti budov",
          "EC_efficiency_appliances": "Zvýšení účinnosti přístrojů",
          "EC_efficiency_services": "Zvýšení účinnosti v odvětví služeb/terciárním sektoru",
          "EC_efficiency_industry": "Zvýšení účinnosti v průmyslovém konečném užití",
          "EC_demand_reduction": "řízení/snížení poptávky",
          "EC_other": "Ostatní spotřeba energie",

          "TR_vehicle_efficiency": "zvýšení účinnosti vozidel",
          "TR_modal_shift": "přechod na veřejnou dopravu nebo nemotorizované způsoby dopravy",
          "TR_electric_cars": "nízkouhlíková paliva/elektrická vozidla",
          "TR_demand_reduction": "řízení/snížení poptávky",
          "TR_improved_behaviour": "lepší chování",
          "TR_improved_infrastructure": "lepší dopravní infrastruktura",
          "TR_other": "ostatní doprava",

          "IP_abatement_technologies": "zavádění technologií snižujících emise",
          "IP_F-gas_reduction": "snížení emisí fluorovaných plynů",
          "IP_F-gas_replacement": "nahrazení fluorovaných plynů jinými látkami",
          "IP_fugitive_emissions_control": "lepší omezování fugitivních emisí z průmyslových procesů",
          "IP_other": "ostatní průmyslové procesy",

          "WA_demand_reduction": "řízení/snížení poptávky",
          "WA_Recycling": "lepší recyklace",
          "WA_Methane_collection": "lepší jímání a využívání CH4",
          "WA_improved_treatment": "lepší technologie zpracování",
          "WA_improved_landfill_management": "lepší řízení skládek",
          "WA_waste_to_energy": "spalování odpadů ve spalovnách s využitím energie",
          "WA_wastewater": "lepší systémy nakládání s odpadními vodami",
          "WA_reduced_landfilling": "omezené skládkování",
          "WA_other": "ostatní odpady",

          "AG_Fertilizer_use": "omezené používání hnojiv/statkových hnojiv na orné půdě",
          "AG_cropland_management": "jiné činnosti zlepšující obhospodařování orné půdy",
          "AG_livestock_management": "lepší řízení živočišné výroby",
          "AG_animal_waste": "lepší systémy nakládání s odpady živočišného původu",
          "AG_grazing_land_or_grassland": "činnosti zlepšující obhospodařování pastvin a luk",
          "AG_organic_soils": "lepší hospodaření s organickými půdami",
          "AG_other": "ostatní zemědělství",

          "LULUCF_afforestation_reforestation": "zalesňování a opětovné zalesňování",
          "LULUCF_carbon_conservation": "zachování uhlíku ve stávajících lesích",
          "LULUCF_forest_production": "zlepšování produkce ve stávajících lesích",
          "LULUCF_hwp_pool": "zvýšení zásoby výrobků z vytěženého dřeva",
          "LULUCF_forest_management": "lepší obhospodařování lesů",
          "LULUCF_deforestation_prevention": "zamezení odlesňování",
          "LULUCF_protection_against_natural_disturbances": "posílení ochrany proti přírodním škodlivým činitelům",
          "LULUCF_substitution_with_HWP": "Nahrazení surovin a materiálů s vysokými emisemi skleníkových plynů výrobky z vytěženého dřeva",
          "LULUCF_wetlands": "prevence odvodňování nebo zavodňování mokřadů",
          "LULUCF_degraded_lands": "obnovení znehodnocené půdy",
          "LULUCF_other": "ostatní LULUCF",

          "CC_framework": "rámcová politika",
          "CC_multi-sectoral": "politika týkající se více odvětví",
          "CC_other": "ostatní průřezové záležitosti"
        }
      },
      "ObjectiveOther": {
        "label": "Other objectives list",
        "sectors": "Select sector",
        "text": "Objective Name",
      },
      "ObjectiveQuantified": {
        "label": "Kvantifikovaný cíl ",
        "placeholder": "Kvantifikovaný cíl "
      },
      "Description": {
        "label": "Stručný popis:",
        "placeholder": "Type Description"
      },
      "isEnvisaged": {
        "label": "Is the policy or measure envisaged with a view to limiting GHG emissions beyond the Member State commitments under Decision No 406/2009/EC?",
        "list": {
          "yes": "Yes",
          "no": "No"
        }
      },
      "PolicyInstrument": {
        "label": "Druh politického nástroje:",
        "placeholder": "Select Policy Instrument",
        "list": {
          "Economic": "hospodářská",
          "Fiscal": "daňová",
          "Voluntary": "dobrovolné/sjednané dohody",
          "Regulatory": "regulace",
          "Information": "informování",
          "Education": "vzdělávání",
          "Research": "výzkum",
          "Planning": "plánování",
          "Other": "ostatní"
        }
      },
      "UnionPolicy": {
        "label": "Politika Unie, která vedla k provedení politiky a opatření:",
        "other": "Enter other Union Policy",
        "current": "Current Union Policy list",
        "placeholder": "Select Union Policy/ies",
        "otherCurrent": "Current Other Union Policy list",
        "related": "Related",
        "not_related": "Non related",
        "list": {
          "ETS_directive": "EU ETS directive 2003/87/EC as  amended by Directive 2008/101/EC and Directive 2009/29/EC and implementing legislation, in particular 2010/2/EU, 2011/278/EU and 2011/638/EU",
          "Effort_Sharing_Decision": "Effort Sharing Decision 406/2009/EC",
          "RES_directive": "RES directive 2009/28/EC",
          "CO2_and_cars_and_vans_regulations": "Regulation on CO2 from cars and vans (2009/443/EC and no. 510/2011)",
          "Recast_of_EPBD": "Recast of the Energy Performance of Buildings Directive (Directive 2010/31/EU)",
          "Eco-design_Labelling_directives": "Eco-design framework directive 2005/32/EC and its implementing regulations, combined with Labelling Directive 2003/66/EC and 2010/30/EC, including implementing measures",
          "F-gas_Regulation": "F-gas Regulation 2006/842/EC",
          "Motor_Vehicles_Directive": "Motor Vehicles Directive 2006/40/EC",
          "Geological_storage": "Directive on the geological storage of CO2 2009/31/EC",
          "Cogeneration_Directive": "Cogeneration Directive 2004/8/EC",
          "End-use_and_energy_services": "Directive 2006/32/EC on end-use energy efficiency and energy services",
          "Energy_Star_Program": "Energy Star Program",
          "Internal_energy_market": "Completion of the internal energy market (including provisions of the 3d package)",
          "Energy_Taxation_Directive": " Energy Taxation Directive 2003/96/EC",
          "IED": "Industrial emissions Directive 2010/75/EU (Recast of IPPC Directive 2008/1/EC and Large Combustion Plant Directive 2001/80/EC)",
          "NEC": "Directive on national emissions' ceilings for certain pollutants 2001/81/EC",
          "Water_Framework": "Water Framework Directive 2000/60/EC",
          "EURO_5_and_6": "Regulation EURO 5 and 6 2007/715/EC",
          "Euro_6_for_HDV": "Regulation Euro VI for heavy duty vehicles 2009/595/EC",
          "FQD": "Fuel Quality Directive 2009/30/EC",
          "Biofuels_directive": "Biofuels directive 2003/30/EC",
          "Landfill_Directive": "Landfill Directive 1999/31/EC",
          "Waste_Directive": "Waste Directive 2006/12/EC",
          "Waste_Management_Framework_Directive": "Waste Management Framework Directive 2008/98/EC",
          "Nitrate_Directive": "Nitrate Directive 1991/676/EEC",
          "CAP_Reform": "Common Agricultural Policy (CAP) Reform 2006/144/EC",
          "CAP_Health_Check_and_Set_aside": "CAP “Health Check” 2008 and the “Set aside” regulation 73/2009",
          "Eurovignette_Directive": "Eurovignette Directive on road infrastructure charging 2011/76/EU",
          "Clean_and_Energy_Efficient_Vehicles": "Directive on the Promotion of Clean and Energy Efficient Road Transport Vehicles 2009/33/EC",
          "Other_EU": "Other (Union policy not listed above or additional Union policy)",
          "Non_EU-related_PAM": "PAM not related to Union policies"
        }
      },
      "ImplementationStatus": {
        "label": "Stav provádění:",
        "list": {
          "Planned": "přijaté",
          "Adopted": "prováděné",
          "Implemented": "ukončené",
          "Expired": "Ukončené (pouze tehdy, mají-li dosud dopad na emise skleníkových plynů, nebo pokud se předpokládá, že budou mít na emise dopad i nadále)"
        },
        "shortlist": {
          "Planned": "Planned",
          "Adopted": "Adopted",
          "Implemented": "Implemented",
          "Expired": "Expired"
        }
      },
      "ImplementationPeriod": {
        "label": "Období provádění:",
        "start": "Začátek",
        "finish": "Konec"
      },
      "ProjectionsScenario": {
        "label": "Scénář odhadů, v němž jsou zahrnuty politiky a opatření:",
        "list": {
          "null": "",
          "WEM": "With existing measures",
          "WAM": "With additional measures"
        }
      },
      "Entities": {
        "label": "Subjekty odpovědné za provádění politiky:",
        "placeholder": "Select Type",
        "current": "Current entity list",
        "list": {
          "Government": " ústřední vláda",
          "Regional": "regionální subjekty",
          "Local": "místní samospráva",
          "Companies": "společnosti/podniky/profesní sdružení",
          "Research": "výzkumné instituce",
          "Other": "ostatní neuvedené subjekty	"
        }
      },
      "Indicators": {
        "label": "Ukazatele použité ke sledování a hodnocení pokroku v průběhu času ( ex post, nebo ex ante ):",
        "current": "Current Indicators list",
        "desc": "Popis",
        "unit": "Unit",
        "Year": "Rok {{num}}",
        "Value": "Value {{num}}"
      },
      "Reference": {
        "label": "Odkaz na hodnocení a podkladové technické zprávy:",
        "Text": "Odkaz",
        "Url": "URL:"
      },
      "Comments": {
        "label": "Obecné poznámky:"
      }
    },
    "Table2": {
      "Tab": "Table2",
      "Asterisk": "* Mandatory reporting requirements.",
      "PAM": {
        "label": "Group of policies and measures:"
      },
      "PolicyImpact": {
        "label": "Politika s dopadem na emise z EU ETS nebo emise podle ESD:",
        "placeholder": "Select Policy impacting EU ETS or ESD emissions",
        "EU_ETS": "EU ETS",
        "ESD": "ESD",
        "LULUCF": "využívání půdy, změny ve využívání půdy a lesnictví",
        "Total": "Celkem"
      },
      "Exante": {
        "Title": "Posouzení ex ante"
      },
      "ExanteEmissions": {        
        "label": "GHG emissions reductions for year {{year}} (kt CO2-equivalent per year)"
      },
      "Expost": {
        "Title": "Posouzení ex-post",
        "Year": "Rok, pro nějž platí snížení:",
        "Average": "Průměrné snížení emisí :",
      },
      "ExpostEmissions": {
        "label": "Snížení emisí skleníkových plynů v t (kt ekvivalentu CO2 ročně):"
      },
      "BasisExplanation": {
        "label": "Vysvětlení základu pro odhady zmírnění:"
      },
      "AffectedFactors": {
        "label": "Faktory ovlivněné politikou nebo opatřením:"
      },
      "Documentation": {
        "label": "Dokumentace/zdroj odhadu, je-li k dispozici:",
        "Reference": "Odkaz:",
        "Weblink": "Weblink:"
      }
    },
    "Table3": {
      "Tab": "Table3",
      "PAM": {
        "label": "Group of policies and measures:"
      },
      "Costs": {
        "Projected": "Odhadované náklady a přínosy",
        "Realised": "Skutečné náklady a přínosy",
        "YearPlaceholder": "Select Year",
        "CostType": "Cost ",
        "BenefitType": "Benefit ",
        "NetCostType": "Net cost ",
        "CostReduced": "Náklady v EUR na tunu sníženého/zachyceného množství ekvivalentu CO2:",
        "Benefit": "Benefits in EUR per tonne CO2eq reduced/ sequestered:",
        "NetCost": "Net costs in EUR per tonne CO2eq reduced/ sequestered:",
        "CostPerYear": "Absolutní náklady ročně v EUR:",
        "BenefitPerYear": "Absolute benefit per year in EUR:",
        "NetCostPerYear": "Net Cost per year in EUR:",
        "CostCalculatedYear": "Year for which cost has been calculated:",
        "BenefitCalculatedYear": "Year for which benefits has been calculated:",
        "NetCostCalculatedYear": "Year for which net cost has been calculated:",
        "CostReferenceYear": "Price reference year:",
        "CostDescription": "Popis odhadů nákladů (základ pro odhad nákladů, jaký druh nákladů je v odhadu zahrnut, metodika)):",
        "CostDocumentation": {
          "label": "Dokumentace/zdroj odhadu nákladů:",
          "Reference": "Odkaz:",
          "Weblink": "Weblink:"
        },
        "BenefitDescription": "Description of benefit estimates (basis for benefit estimate, what type of benefits are included in the estimate, methodology):",
        "BenefitDocumentation": {
          "label": "Documentation/ Source of benefit estimation:",
          "Reference": "Odkaz:",
          "Weblink": "Weblink:"
        }
      }
    },
    "Tooltip": {
      "MMR" : "Definitions and information on mandatory reporting requirements are stipulated in MMR Art. 13 and MMR implementing regulation Art. 22 and Annex XI.",
      "Overview": "Numeric values with decimals should be entered using a dot not a comma.",
      "Group": "A group of PAMs consists of other single PAMs.",
      "Table1": {
        "Title": "Fill this table with PAMs and groups of PAMs.",
        "isGroup": "A group of PAMs consists of other single PAMs.",
        "PolicyGroup": "One PAM cannot be part of more than one group.",
        "Sectors": "More than one sector can be selected",
        "GreenhouseGases": "More than one GHG can be selected.",
        "Objective": "More than one objective can be selected, additional objectives could be added and specified under ‘other’",
        "QuantifiedObjective": "Include the figure(s) if the objective(s) is (are) quantified.",
        "UnionPolicy": "More than one Union policy can be selected, additional union policies could be added and specified under ‘other’.",
        "ImplementationStatus": "Expired PAMs must be reported in the template only if they have an effect, or they are expected to continue to have an effect on GHG emissions.",
        "Entities": "More than one entity can be selected."              
      },
      "Table2": {
        "Title": "Fill this table for all PAMs or groups of PAMs for which an ex-post or ex-ante assessment is available",
        "PolicyImpacting": "More than one can be selected."        
      },
      "Table3": {
        "Title": "Fill this table for all PAMs or groups of PAMs for which such an assessment is available.",
        "CostCalculatedYear": "Provide a year or a range of years.",
        "BenefitCalculatedYear": "Provide a year or a range of years.",
        "CostDescription": "Basis for cost estimate, what type of costs are included in the estimate, methodology.",
        "BenefitDescription": "Basis for benefit estimate, what type of benefits are included in the estimate, methodology."
      }
    }
  }
}