﻿{
  "Labels": {
    "Webform": {
      "CreatePam": "Create new PAM",
      "Title": "Monitoring Mechanism Regulation",
      "TitlePlaceholder": "Enter Title",
      "Annex": "XI PIELIKUMS",
      "Add": "Add",
      "AddPam": "Add PAM",
      "Loading": "Loading...",
      "Complete": "Complete PAM/Group"
    },
    "Overview": {
      "Group": "Policy/measure, or groups of measures",
      "Title": "Title",
      "Table1": "1. tabula. Nozares un gāzes ziņošanai par politiku, pasākumiem un pasākumu grupām, kā arī par politikas instrumenta veidu",
      "Table2": "2. tabula. Atsevišķu klimata pārmaiņu mazināšanas pasākumu un politiku vai to grupu ietekmes pieejamie ex-ante un ex-post novērtējumu rezultāti",
      "Table3": "3. tabula. Atsevišķu klimata pārmaiņu mazināšanas politiku un pasākumu vai to grupu pieejamās prognozētās un faktiskās izmaksas un ieguvumi",
      "new_table": "Create Table",
      "edit_table": "Edit Table",
      "delete_pam": "Delete"
    },
    "Table1": {
      "Title": "Title for this PAM/Group",
      "isGroup": {
        "label": "Is this a single policy/measure or a group of policies or measures?",
        "placeholder": "teeest",
        "list": {
          "single": "Single",
          "group": "Group"
        }
      },
      "PolicyGroup": {
        "label": "Which policies or measures does it cover?"
      },
      "Sectors": {
        "label": "Attiecīgā(-s) nozare(-s):",
        "placeholder": "Select Sector(s)",
        "list": {
          "Energy_Supply": "Energoapgāde (kurināmo ieguve, transportēšana, sadale un uzglabāšana, kā arī enerģijas un elektroenerģijas ražošana)",
          "Energy_Consumption": "Energopatēriņš (tādu galapatērētāju kā mājsaimniecības, pakalpojumu nozare, rūpniecība un lauksaimniecība kurināmā un elektroenerģijas patēriņš)",
          "Transport": "Transports",
          "Industrial_Processes": "Rūpnieciskie procesi (ražošanas darbības, kurās materiāli tiek ķīmiski vai fiziski pārveidoti un rodas siltumnīcefekta gāzu emisijas, siltumnīcefekta gāzu izmantošana izstrādājumos un fosilā kurināmā oglekļa izmantošana neenerģētiskām vajadzībām)",
          "Agriculture": "Lauksaimniecība",
          "LULUCF": "Zemes izmantošana, zemes izmantošanas maiņa un mežsaimniecība",
          "Waste": "Atkritumu apsaimniekošana/atkritumi",
          "Cross-cutting": "Transversālas darbības",
          "Other": "Citas nozares"
        },
        "shortlist": {
          "Energy_Supply": "Energoapgāde",
          "Energy_Consumption": "Energopatēriņš",
          "Transport": "Transports",
          "Industrial_Processes": "Rūpnieciskie procesi",
          "Agriculture": "Lauksaimniecība",
          "LULUCF": "Zemes izmantošana, zemes izmantošanas maiņa un mežsaimniecība",
          "Waste": "Atkritumu apsaimniekošana/atkritumi",
          "Cross-cutting": "Transversālas darbības",
          "Other": "Citas nozares"
        }
      },
      "GreenhouseGases": {
        "label": "Greenhouse gas(es) affected:",
        "placeholder": "Select Gas(es)",
        "list": {
          "CO2": "Oglekļa dioksīds (CO2)",
          "CH4": "Metāns (CH4)",
          "N2O": "Dislāpekļa oksīds (N2O)",
          "HFC": "Halogenētie fluorogļūdeņraži (HFC)",
          "PFC": "Perfluorogļūdeņraži (PFC)",
          "SF6": "Sēra heksafluorīds (SF6)",
          "NF3": "Slāpekļa trifluorīds (NF3)"
        }
      },
      "Objective": {
        "label": "Mērķis:",
        "placeholder": "Select Objective",
        "select": "Select Objective",
        "list": {
          "ES_renewable": "Atjaunojamo energoresursu īpatsvara pieaugums",
          "ES_Fuels_witch": "Pāreja uz kurināmo ar mazāku oglekļa intensitāti",
          "ES_nuclear": "Aktīvāka enerģijas ražošana, izmantojot neatjaunojamos energoresursus, ar mazām oglekļa emisijām (kodolenerģija)",
          "ES_loss_reduction": "Zudumu samazināšana",
          "ES_efficiency": "Efektivitātes uzlabošana enerģijas un pārveidošanas nozarē",
          "ES_CSS": "Oglekļa uztveršana un uzglabāšana",
          "ES_fugitive_emissions": "Enerģijas ražošanas difūzo emisiju kontrole",
          "ES_other": "Des mērķi",
		  
          "EC_efficiency_buildings": "ēku energoefektivitātes uzlabojumi",
          "EC_efficiency_appliances": "Ierīču energoefektivitātes uzlabojumi",
          "EC_efficiency_services": "Pakalpojumu/terciārā sektora energoefektivitātes uzlabošana",
          "EC_efficiency_industry": "Energoefektivitātes uzlabošana rūpniecības galapatērētāju nozarēs",
          "EC_demand_reduction": "Pieprasījuma pārvaldība/samazināšana",
          "EC_other": "Citi energopatēriņa mērķi",
		  
          "TR_vehicle_efficiency": "Transportlīdzekļu energoefektivitātes uzlabojumi",
          "TR_modal_shift": "Pāreja uz sabiedrisko transportu vai nemotorizētiem transportlīdzekļiem",
          "TR_electric_cars": "Automobiļi ar mazām oglekļa emisijām/elektromobiļi",
          "TR_demand_reduction": "Pieprasījuma pārvaldība/samazināšana",
          "TR_improved_behaviour": "Uzlabota rīcība",
          "TR_improved_infrastructure": "Uzlabota transporta infrastruktūra",
          "TR_other": "Citi transporta mērķi",
		  
          "IP_abatement_technologies": "Piesārņojuma samazināšanas tehnoloģiju ieviešana",
          "IP_F-gas_reduction": "Fluorēto gāzu emisiju samazināšana",
          "IP_F-gas_replacement": "Fluorēto gāzu aizstāšana ar citām vielām",
          "IP_fugitive_emissions_control": "Rūpnieciskajos procesos radušos difūzo emisiju kontroles uzlabošana",
          "IP_other": "Citi rūpniecisko procesu mērķi",
		  
          "WA_demand_reduction": "Pieprasījuma pārvaldība/samazināšana",
          "WA_Recycling": "Uzlabota pārstrāde",
          "WA_Methane_collection": "Uzlabota CH4 savākšana un izmantošana",
          "WA_improved_treatment": "Uzlabotas atkritumu apstrādes tehnoloģijas",
          "WA_improved_landfill_management": "Uzlabota poligonu apsaimniekošana",
          "WA_waste_to_energy": "Atkritumu incinerācija, kurā iegūto enerģiju izmanto",
          "WA_wastewater": "Uzlabotas notekūdeņu apsaimniekošanas sistēmas",
          "WA_reduced_landfilling": "Mazāka atkritumu daudzuma apglabāšana poligonos",
          "WA_other": "Citi atkritumu jomas mērķi",
		  
          "AG_Fertilizer_use": "Mazāka mēslojuma/kūtsmēslu daudzuma izmantošana aramzemes apsaimniekošanā",
          "AG_cropland_management": "Citas darbības, ar kurām uzlabo aramzemes apsaimniekošanu",
          "AG_livestock_management": "Uzlabota mājlopu apsaimniekošana",
          "AG_animal_waste": "Uzlabotas dzīvniekizcelsmes atkritumu apsaimniekošanas sistēmas",
          "AG_grazing_land_or_grassland": "Darbības, ar kurām uzlabo ganību un pļavu apsaimniekošanu",
          "AG_organic_soils": "Uzlabota organisko augšņu apsaimniekošana",
          "AG_other": "Citi lauksaimniecības mērķi",
		  
          "LULUCF_afforestation_reforestation": "Meža ieaudzēšana un meža atjaunošana",
          "LULUCF_carbon_conservation": "Oglekļa uzkrājumu saglabāšana esošajos mežos",
          "LULUCF_forest_production": "Ražošanas uzlabošana esošajos mežos",
          "LULUCF_hwp_pool": "Nocirstas koksnes produktu krājuma palielināšana",
          "LULUCF_forest_management": "Uzlabota mežu apsaimniekošana",
          "LULUCF_deforestation_prevention": "Atmežošanas novēršana",
          "LULUCF_protection_against_natural_disturbances": "Aizsardzības stiprināšana pret dabiskiem traucējumiem",
          "LULUCF_substitution_with_HWP": "Tādu izejvielu un materiālu, kuriem ir augsta SEG intensitāte, aizstāšana ar nocirstas koksnes produktiem",
          "LULUCF_wetlands": "Mitrāju nosusināšanas vai atjaunošanas novēršana",
          "LULUCF_degraded_lands": "Degradētu zemju atjaunošana",
          "LULUCF_other": "Citi LULUCF mērķi",
		  
          "CC_framework": "Politikas sistēma",
          "CC_multi-sectoral": "Daudznozaru politika",
          "CC_other": "Citi transversālu darbību jomas mērķi"
        }
      },
      "ObjectiveOther": {
        "label": "Other objectives list",
        "sectors": "Select sector",
        "text": "Objective Name",
        "remove": "Remove objective"
      },
      "ObjectiveQuantified": {
        "label": "Skaitļos izteikts mērķis",
        "placeholder": "Skaitļos izteikts mērķis"
      },
      "Description": {
        "label": "Īss apraksts:",
        "placeholder": "Type Description"
      },
      "isEnvisaged": {
        "label": "Is the policy or measure envisaged with a view to limiting GHG emissions beyond the Member State commitments under Decision No 406/2009/EC?",
        "list": {
          "yes": "Yes",
          "no": "No"
        }
      },
      "PolicyInstrument": {
        "label": "Politikas instrumenta veids:",
        "placeholder": "Select Policy Instrument",
        "list": {
          "Economic": "Ekonomikas politika",
          "Fiscal": "Fiskālā politika",
          "Voluntary": "Brīvprātīgi/pēc sarunām noslēgtu nolīgumu politika",
          "Regulatory": "Likumdošanas politika",
          "Information": "Informācijas politika",
          "Education": "Izglītības politika",
          "Research": "Pētniecības politika",
          "Planning": "Plānošanas politika",
          "Other": "Cita"
        }
      },
      "UnionPolicy": {
        "label": "Savienības politika, kuras rezultātā īstenota PP:",
        "other": "Enter other Union Policy",
        "related": "Related",
        "not_related": "Non related",
        "list": {
          "ETS_directive": "EU ETS directive 2003/87/EC as  amended by Directive 2008/101/EC and Directive 2009/29/EC and implementing legislation, in particular 2010/2/EU, 2011/278/EU and 2011/638/EU",
          "Effort_Sharing_Decision": "Effort Sharing Decision 406/2009/EC",
          "RES_directive": "RES directive 2009/28/EC",
          "CO2_and_cars_and_vans_regulations": "Regulation on CO2 from cars and vans (2009/443/EC and no. 510/2011)",
          "Recast_of_EPBD": "Recast of the Energy Performance of Buildings Directive (Directive 2010/31/EU)",
          "Eco-design_Labelling_directives": "Eco-design framework directive 2005/32/EC and its implementing regulations, combined with Labelling Directive 2003/66/EC and 2010/30/EC, including implementing measures (1)",
          "F-gas_Regulation": "F-gas Regulation 2006/842/EC",
          "Motor_Vehicles_Directive": "Motor Vehicles Directive 2006/40/EC",
          "Geological_storage": "Directive on the geological storage of CO2 2009/31/EC",
          "Cogeneration_Directive": "Cogeneration Directive 2004/8/EC",
          "End-use_and_energy_services": "Directive 2006/32/EC on end-use energy efficiency and energy services",
          "Energy_Star_Program": "Energy Star Program",
          "Internal_energy_market": "Completion of the internal energy market (including provisions of the 3d package)",
          "Energy_Taxation_Directive": " Energy Taxation Directive 2003/96/EC",
          "IED": "Industrial emissions Directive 2010/75/EU (Recast of IPPC Directive 2008/1/EC and Large Combustion Plant Directive 2001/80/EC)",
          "NEC": "Directive on national emissions' ceilings for certain pollutants 2001/81/EC",
          "Water_Framework": "Water Framework Directive 2000/60/EC",
          "EURO_5_and_6": "Regulation EURO 5 and 6 2007/715/EC",
          "Euro_6_for_HDV": "Regulation Euro VI for heavy duty vehicles 2009/595/EC",
          "FQD": "Fuel Quality Directive 2009/30/EC",
          "Biofuels_directive": "Biofuels directive 2003/30/EC",
          "Landfill_Directive": "Landfill Directive 1999/31/EC",
          "Waste_Directive": "Waste Directive 2006/12/EC",
          "Waste_Management_Framework_Directive": "Waste Management Framework Directive 2008/98/EC",
          "Nitrate_Directive": "Nitrate Directive 1991/676/EEC",
          "CAP_Reform": "Common Agricultural Policy (CAP) Reform 2006/144/EC",
          "CAP_Health_Check_and_Set_aside": "CAP “Health Check” 2008 and the “Set aside” regulation 73/2009",
          "Eurovignette_Directive": "Eurovignette Directive on road infrastructure charging 2011/76/EU",
          "Clean_and_Energy_Efficient_Vehicles": "Directive on the Promotion of Clean and Energy Efficient Road Transport Vehicles 2009/33/EC",
          "Other_EU": "Other (Union policy not listed above or additional Union policy)",
          "Non_EU-related_PAM": "PAM not related to Union policies"
        }
      },
      "ImplementationStatus": {
        "label": "Īstenošanas statuss:",
        "list": {
          "Planned": "Plānots(-a)",
          "Adopted": "Pieņemts(-a)",
          "Implemented": "īstenots(-a)",
          "Expired": "Ar beigušos termiņu (par politika un pasākumiem, kuru termiņš ir beidzies, veidnē jāziņo tikai tādā gadījumā, ja tie ietekmē siltumnīcefekta gāzu emisijas vai gaidāms, ka tie turpinās tās ietekmēt)"
        }
      },
      "ImplementationPeriod": {
        "label": "Īstenošanas periods:",
        "start": "Sākums",
        "finish": "Beigas"
      },
      "ProjectionsScenario": {
        "label": "Prognožu scenārijs, kurā ietverta PP:",
        "list": {
          "WEM": "With existing measures",
          "WAM": "With additional measures"
        }
      },
      "Entities": {
        "label": "Struktūrvienības, kuras atbildīgas par politikas īstenošanu :",
        "addMore": "Add Entity",
        "remove": "Remove Entity",
        "current": "Current entity list",
        "type": "Entity type",
        "name": "Entity name:",
        "list": {
          "Government": "Valsts valdība",
          "Regional": "Reģionālās struktūrvienības",
          "Local": "Pašvaldība",
          "Companies": "Uzņēmumi/rūpniecības asociācijas",
          "Research": "Pētniecības iestādes",
          "Other": "Citas"
        }
      },
      "Indicators": {
        "label": "Rādītāji, ko izmanto progresa uzraudzībai un izvērtēšanai laika gaitā:",
        "current": "Current Indicators list",
        "addMore": "Add More",
        "remove": "Remove Indicator",
        "desc": "Apraksts",
        "Year": "Gads",
        "Value": "Value"
      },
      "Reference": {
        "label": "Atsauce uz novērtējumiem un pamatā esošajiem tehniskajiem ziņojumiem:",
        "Text": "Reference",
        "Url": "URL:"
      },
      "Comments": {
        "label": "Vispārīgas piezīmes:"
      }
    },
    "Table2": {
      "PAM": {
        "label": "Group of policies and measures:"
      },
      "PolicyImpact": {
        "label": "Politika, kas ietekmē ES ETS vai ESD emisijas:",
        "EU_ETS": "EU ETS",
        "ESD": "ESD",
        "LULUCF": "Zemes izmantošana, zemes izmantošanas maiņa un mežsaimniecība",
        "Total": "Kopā"
      },
      "Exante": {
        "Title": "Ex-ante novērtējums"
      },
      "ExanteEmissions": {
        "label": "GHG emissions reductions for year:"
      },
      "Expost": {
        "Title": "Ex-post novērtējums",
        "Year": "Gads, uz kuru attiecas samazinājums:",
        "Average": "Vidējais emisiju samazinājums :",
        "remove": "Remove Entry"
      },
      "ExpostEmissions": {
        "label": "SEG emisiju samazinājums (kt CO2 ekvivalenta gadā):"
      },
      "BasisExplanation": {
        "label": "Samazinājuma aplēšu bāzes skaidrojums:"
      },
      "AffectedFactors": {
        "label": "Faktori, kurus ietekmē PP:"
      },
      "Documentation": {
        "label": "Aplēšu dokumentācija/avots, ja pieejams:",
        "Reference": "Reference:",
        "Weblink": "Weblink:"
      }
    },
    "Table3": {
      "PAM": {
        "label": "Group of policies and measures:"
      },
      "Costs": {
        "Projected": "Prognozētās izmaksas un ieguvumi",
        "Realised": "Faktiskās izmaksas un ieguvumi",
        "CostType": "Cost ",
        "BenefitType": "Benefit ",
        "NetCostType": "Net cost ",
        "CostReduced": "Izmaksas EUR uz katru samazinātā/piesaistītā CO2 ekv. tonnu:",
        "Benefit": "Benefits in EUR per tonne CO2eq reduced/ sequestered:",
        "NetCost": "Net costs in EUR per tonne CO2eq reduced/ sequestered:",
        "CostPerYear": "Absolūtās izmaksas EUR gadā:",
        "BenefitPerYear": "Absolute benefit per year in EUR:",
        "NetCostPerYear": "Net Cost per year in EUR:",
        "CostCalculatedYear": "Year for which cost has been calculated:",
        "BenefitCalculatedYear": "Year for which benefits has been calculated:",
        "NetCostCalculatedYear": "Year for which net cost has been calculated:",
        "CostReferenceYear": "Price reference year:",
        "CostDescription": "Izmaksu aplēšu apraksts (izmaksu aplēses bāze, aplēsē ietverto izmaksu veids, metodoloģija):",
        "CostDocumentation": {
          "label": "Izmaksu aplēses dokumentācija/avots:",
          "Reference": "Reference:",
          "Weblink": "Weblink:"
        },
        "BenefitDescription": "Description of benefit estimates (basis for benefit estimate, what type of benefits are included in the estimate, methodology):",
        "BenefitDocumentation": {
          "label": "Documentation/ Source of benefit estimation:",
          "Reference": "Reference:",
          "Weblink": "Weblink:"
        }
      }
    }
  }
}