{
  "Labels": {
    "Webform": {
     * "CreatePam": "Erstellen Sie neue der Politik/Maßnahme",
     * "Title": "Überwachungsmechanismus Verordnung",
     * "TitlePlaceholder": "Titel Eingeben",
      "Annex": "ANHANG XI",
     * "Add": "Hinzufügen",
     * "AddPam": "Hinzufügen der Politik/Maßnahme",
     * "Loading": "Wird Geladen..."
    },
    "Overview": {
      "Group": "Politik oder Maßnahme oder Gruppen von Politiken und Maßnahmen",
     * "Title": "Titel",
      "Table1": "Tabelle 1: Sektoren und Gase für die Berichterstattung über Politiken und Maßnahmen oder Maßnahmengruppen und Art des Politikinstruments",
      "Table2": "Tabelle 2: Vorliegende Ergebnisse von Ex-ante- und Ex-post-Bewertungen der Klimaschutzwirkung einzelner oder Gruppen von Politiken und Maßnahmen ",
      "Table3": "Tabelle 3: Verfügbare Prognosen der Kosten und Gewinne, die sich aus einzelnen Klimaschutzpolitiken und -maßnahmen oder Gruppen davon ergeben",
     * "new_table": "Tabelle erstellen",
     * "edit_table": "Tabelle bearbeiten",
     * "delete_pam": "löschen"
    },
    "Table1": {
     * "Title": "Titel für diese Politik/Maßnahme/Gruppe",
      "isGroup": {
     **   "label": "Is this a single policy/measure or a group of policies or measures?",
        "placeholder": "teeest",
        "list": {
       *   "single": "Single",
        *  "group": "Grouppe"
        }
      },
      "PolicyGroup":{
     **   "label": "Which policies or measures does it cover?"
      },
      "Sectors": {
          "label": "Betroffene Sektoren:",
          "placeholder": "Wählen Sektoren",
          "list": {              
              "Energy_Supply": "Energieversorgung(umfasst die Extraktion, Umwandlung, Verteilung und Lagerung von Brennstoffen sowie die Gewinnung von Energie und Strom)",
              "Energy_Consumption": "Energieverbrauch (umfasst den Verbrauch von Brennstoffen und Strom durch die Endnutzer wie Haushalte, Dienstleistungserbringer, Industrie und Landwirtschaft)",
              "Transport": "Verkehr",
              "Industrial_Processes": "Industrieprozesse(umfasst Industrietätigkeiten, bei denen Stoffe chemisch oder physikalisch verändert werden, wodurch Treibhausgasemissionen entstehen, die Verwendung von Treibhausgasen in Erzeugnissen und nicht für die Energiewirtschaft verwendeter Kohlenstoff aus fossilen Brennstoffen)",
              "Agriculture": "Landwirtschaft",
              "LULUCF": "Forstwirtschaft/LULUCF",
              "Waste": "Abfallwirtschaft/Abfall",
              "Cross-cutting": "Sektorübergreifende Bereiche",
              "Other": "Sonstige Sektoren"
          },
          "shortlist": {
              "Energy_Supply": "Energieversorgung",
              "Energy_Consumption": "Energieverbrauch",
              "Transport": "Verkehr",
              "Industrial_Processes": "Industrieprozesse",
              "Agriculture": "Landwirtschaft",
              "LULUCF": "Forstwirtschaft/LULUCF",
              "Waste": "Abfallwirtschaft/Abfall",
              "Cross-cutting": "Sektorübergreifend ",
              "Other": "Sonstige Sektoren"
          }
      },
      "GreenhouseGases": {
      *  "label": "Betroffene Treibhausgas:",
        "placeholder": "Wählen Sie Gas(es)",
        "list": {
          "CO2": "Kohlendioxid (CO2)",
          "CH4": "Methan (CH4)",
          "N2O": "Distickstoffoxid (N2O)",
          "HFC": "Teilfluorierte Kohlenwasserstoffe  (HFKW)",
          "PFC": "Perfluorierte Kohlenwasserstoffe (PFC)",
          "SF6": "Schwefelhexafluorid (SF6)",
          "NF3": "Stickstofftrifluorid (NF3)"
        }
      },
      "Objective": {     
        "label": "Ziel:",
        "placeholder": "Wählen Sie Ziel",
        "select": "Wählen Sie Ziel",
        "list": {
            "ES_renewable": "Zunahme erneuerbarer Energieträger",
            "ES_Fuels_witch": "Wechsel zu weniger kohlenstoffhaltigen Brennstoffen",
            "ES_nuclear": "vermehrte Energiegewinnung aus nichterneuerbaren Energieträgern mit geringem CO2-Ausstoß (Kernenergie)",
            "ES_loss_reduction": "Minderung von Verlusten",
            "ES_efficiency": "Effizienzsteigerung im Energie- und Umwandlungssektor",
            "ES_CSS": "CO2-Abscheidung und -Speicherung",
            "ES_fugitive_emissions": "Eindämmung diffuser Emissionen aus der Energiegewinnung",
            "ES_other": " Sonstige Ziele im Bereich Energieversorgung",

            "EC_efficiency_buildings": "Effizienzsteigerung bei Gebäuden",
            "EC_efficiency_appliances": "bei Geräten",
            "EC_efficiency_services": "bei Dienstleistungen/im Tertiärsektor",
            "EC_efficiency_industry": "bei der industriellen Endverwendung",
            "EC_demand_reduction": "Nachfragesteuerung/-senkung",
            "EC_other": "Sonstige Ziele im Bereich Energieverbrauch",

            "TR_vehicle_efficiency": "Effizienzsteigerung bei Fahrzeugen",
            "TR_modal_shift": "Verkehrsträgerwechsel zu öffentlichen Verkehrsmitteln oder nichtmotorisiertem Verkehr",
            "TR_electric_cars": "mit gering kohlenstoffhaltigen Treibstoffen oder elektrisch betriebene Pkw",
            "TR_demand_reduction": "Nachfragesteuerung/-senkung",
            "TR_improved_behaviour": "Besseres Verbrauchsverhalten",
            "TR_improved_infrastructure": "Bessere Verkehrsinfrastruktur",
            "TR_other": "Sonstige Ziele im Bereich Verkehr",

            "IP_abatement_technologies": "Einbau von Minderungstechnologien",
            "IP_F-gas_reduction": "Verringerung der Emissionen fluorierter Gase",
            "IP_F-gas_replacement": "Ersatz von fluorierten Gasen durch andere Stoffe",
            "IP_fugitive_emissions_control": "Bessere Eindämmung diffuser Emissionen aus Industrieprozessen",
            "IP_other": "Sonstige Ziele im Bereich Industrieprozesse",

            "WA_demand_reduction": "Nachfragesteuerung/-senkung",
            "WA_Recycling": "Mehr Recycling",
            "WA_Methane_collection": "Bessere Sammlung und Nutzung von CH4",
            "WA_improved_treatment": "Bessere Behandlungstechnologien",
            "WA_improved_landfill_management": "Bessere Deponiebewirtschaftung",
            "WA_waste_to_energy": "Müllverbrennung mit Energienutzung",
            "WA_wastewater": "Bessere Abwasserbewirtschaftungssysteme",
            "WA_reduced_landfilling": "Weniger Deponierung",
            "WA_other": "Sonstige Ziele im Bereich Abfall",

            "AG_Fertilizer_use": "Geringerer Einsatz von Düngemitteln/Dung auf Äckern",
            "AG_cropland_management": "Sonstige Tätigkeiten zur Verbesserung der Ackerbewirtschaftung",
            "AG_livestock_management": "Bessere Viehhaltung;",
            "AG_animal_waste": "Bessere Systeme für die Bewirtschaftung von tierischen Abfällen",
            "AG_grazing_land_or_grassland": "Tätigkeiten zur Verbesserung der Weide- oder Grünlandbewirtschaftung",
            "AG_organic_soils": "Bessere Bewirtschaftung organischer Böden",
            "AG_other": "Sonstige Ziele im Bereich Landwirtschaft",

            "LULUCF_afforestation_reforestation": "Aufforstung und Wiederaufforstung",
            "LULUCF_carbon_conservation": "Erhaltung der Kohlenstoffbestände in bestehenden Wäldern",
            "LULUCF_forest_production": "Produktionssteigerung in bestehenden Wäldern",
            "LULUCF_hwp_pool": "Vergrößerung des Holzproduktespeichers",
            "LULUCF_forest_management": "Bessere Waldbewirtschaftung",
            "LULUCF_deforestation_prevention": "Vermeidung von Entwaldung",
            "LULUCF_protection_against_natural_disturbances": "Stärkerer Schutz vor natürlichen Störungen",
            "LULUCF_substitution_with_HWP": "Ersatz von THG-intensiven Rohstoffen und Materialien durch Produkte aus geschlagenem Holz",
            "LULUCF_wetlands": "Vermeidung der Trockenlegung von Feuchtgebieten bzw. deren Wiedervernässung",
            "LULUCF_degraded_lands": "Sanierung degradierter Flächen",
            "LULUCF_other": "Sonstige Ziele im Bereich LULUCF",


            "CC_framework": "Rahmenpolitik",
            "CC_multi-sectoral": "Sektorübergreifende Politik",
            "CC_other": "Sonstige sektorübergreifende Ziele"                                
        }
    },
    "ObjectiveOther": {
      "label" : "Other objectives list",
      "sectors": "Select sector",
      "text": "Objective Name",            
      "remove": "Remove objective"
    },
    "ObjectiveQuantified": {
        "label": "Quantifiziertes Ziel",
        "placeholder": "Quantifiziertes Ziel"
    },
    "Description": {
        "label": "Kurzbeschreibung:",
        "placeholder": "Type Description"
    },
    "isEnvisaged": {
        "label": "Is the policy or measure envisaged with a view to limiting GHG emissions beyond the Member State commitments under Decision No 406/2009/EC?",
        "list": {
            "yes": "Yes",
            "no": "No"
        }
    },
    "PolicyInstrument": {
        "label": "Art des Politikinstruments:",
        "placeholder": "Select Policy Instrument",
        "list": {
            "Economic": "Wirtschaft",
            "Fiscal": "Finanzen",
            "Voluntary": "freiwillige/verhandelte Abkommen",
            "Regulatory": "Vorschriften",
            "Information": "Information",
            "Education": "Bildung",
            "Research": "Forschung",
            "Planning": "Planung",
            "Other": "Sonstige"
        }
    },
    "UnionPolicy": {
    "label": "Unionspolitik, die zur Umsetzung der Politik/Maßnahme führte:",                                
    "other": "Enter other Union Policy",
    "related": "Related",
    "not_related": "Non related",
    "list": {
        "ETS_directive": "EU ETS directive 2003/87/EC as  amended by Directive 2008/101/EC and Directive 2009/29/EC and implementing legislation, in particular 2010/2/EU, 2011/278/EU and 2011/638/EU",
        "Effort_Sharing_Decision": "Effort Sharing Decision 406/2009/EC",
        "RES_directive": "RES directive 2009/28/EC",
        "CO2_and_cars_and_vans_regulations": "Regulation on CO2 from cars and vans (2009/443/EC and no. 510/2011)",
        "Recast_of_EPBD": "Recast of the Energy Performance of Buildings Directive (Directive 2010/31/EU)",
        "Eco-design_Labelling_directives": "Eco-design framework directive 2005/32/EC and its implementing regulations, combined with Labelling Directive 2003/66/EC and 2010/30/EC, including implementing measures (1)",
        "F-gas_Regulation": "F-gas Regulation 2006/842/EC",
        "Motor_Vehicles_Directive": "Motor Vehicles Directive 2006/40/EC",
        "Geological_storage": "Directive on the geological storage of CO2 2009/31/EC",
        "Cogeneration_Directive": "Cogeneration Directive 2004/8/EC",
        "End-use_and_energy_services": "Directive 2006/32/EC on end-use energy efficiency and energy services",
        "Energy_Star_Program": "Energy Star Program",
        "Internal_energy_market": "Completion of the internal energy market (including provisions of the 3d package)",
        "Energy_Taxation_Directive": " Energy Taxation Directive 2003/96/EC",
        "IED": "Industrial emissions Directive 2010/75/EU (Recast of IPPC Directive 2008/1/EC and Large Combustion Plant Directive 2001/80/EC)",
        "NEC": "Directive on national emissions' ceilings for certain pollutants 2001/81/EC",
        "Water_Framework": "Water Framework Directive 2000/60/EC",
        "EURO_5_and_6": "Regulation EURO 5 and 6 2007/715/EC",
        "Euro_6_for_HDV": "Regulation Euro VI for heavy duty vehicles 2009/595/EC",
        "FQD": "Fuel Quality Directive 2009/30/EC",
        "Biofuels_directive": "Biofuels directive 2003/30/EC",
        "Landfill_Directive": "Landfill Directive 1999/31/EC",
        "Waste_Directive": "Waste Directive 2006/12/EC",
        "Waste_Management_Framework_Directive": "Waste Management Framework Directive 2008/98/EC",
        "Nitrate_Directive": "Nitrate Directive 1991/676/EEC",
        "CAP_Reform": "Common Agricultural Policy (CAP) Reform 2006/144/EC",
        "CAP_Health_Check_and_Set_aside": "CAP “Health Check” 2008 and the “Set aside” regulation 73/2009",
        "Eurovignette_Directive": "Eurovignette Directive on road infrastructure charging 2011/76/EU",
        "Clean_and_Energy_Efficient_Vehicles": "Directive on the Promotion of Clean and Energy Efficient Road Transport Vehicles 2009/33/EC",
        "Other_EU": "Other (Union policy not listed above or additional Union policy)",
        "Non_EU-related_PAM": "PAM not related to Union policies"
            }
        },
        "ImplementationStatus": {
            "label": "Stand der Umsetzung:",
            "list": {
                "Planned": "Geplant",
                "Adopted": "Verabschiedet",
                "Implemented": "Umgesetzt",
                "Expired": "Ausgelaufen (müssen nur dann in dem Formblatt angegeben werden, wenn sie sich auf die Treibhausgasemissionen auswirken oder wenn eine anhaltende Wirkung auf diese Emissionen erwartet wird)"
            }
        },
        "ImplementationPeriod": { 
            "label": "Umsetzungszeitraum:",
            "start": "Beginn",
            "finish": "Ende"
        },
        "ProjectionsScenario": {
            "label": "Prognoseszenario, in das die Politik/Maßnahme einbezogen ist:",
            "list": {
                "WEM": "With existing measures",
                "WAM": "With additional measures"
            }
        },
        "Entities": {       
            "label": "Für die Umsetzung der Politik zuständige Stellen:",
            "addMore": "Add Entity",
            "remove": "Remove Entity",
            "current": "Current entity list",
            "type": "Entity type",
            "name": "Entity name:",
            "list": {
                "Government": "Nationale Regierung",
                "Regional": "Regionale Stellen",
                "Local": "Lokalverwaltung",
                "Companies": "Unternehmen/Betriebe/Industrieverbände", 
                "Research": "Forschungsinstitute",
                "Other": "Sonstige nicht aufgeführte Stellen"
            }
        },
        "Indicators": {
            "label": "Indikatoren für die Überwachung und Bewertung der im Lauf der Zeit erzielten Fortschritte (ex-post oder ex-ante):",
            "current": "Current Indicators list",
            "addMore": "Add More",
            "remove": "Remove Indicator",
            "desc": "Beschreibung",
            "Year": "Jahr",
            "Value": "Wert"
        },
        "Reference": {
            "label": "Verweise auf Bewertungen und zugrunde liegende technische Berichte:",
            "Text": "Reference",
            "Url": "URL:"
        },
        "Comments": {
            "label": "Allgemeine Anmerkungen:"
        }
    },
    "Table2": {
      "PAM": {
        "label": "Gruppen von Politiken und Maßnahmen:"
      },
      "PolicyImpact": {
        "label": "Politik mit Wirkung auf Emissionen, die unter das EU-EHS oder die Lastenteilungsentscheidung (LTE) fallen:",
        "EU_ETS": "EU-EHS",
        "ESD": "LTE",
        "LULUCF": "Landnutzung, Landnutzungsänderung und Forstwirtschaft",
        "Total": "Insgesamt"
      },
      "Exante": {
        "Title": "Ex-ante-Bewertung"
      },
      "ExanteEmissions": {
        "label": "GHG emissions reductions for year:"
      },
      "Expost": {
        "Title": "Ex-post-Bewertung",
        "Year": "Jahr, für das die Reduktion gilt:",
        "Average": "Durchschnittliche Emissionsreduktion:",
        "remove": "Remove Entry"
      },
      "ExpostEmissions": {
        "label": "Reduktion der THG-Emissionen(kt CO2-Äquivalent pro Jahr):"
      },
      "BasisExplanation": {
        "label": "Erläuterung der Grundlage für die Schätzungen der Minderung:"
      },
      "AffectedFactors": {
        "label": "Durch Politiken und Maßnahmen beeinflusste Faktoren:"
      },
      "Documentation": {
        "label": "Dokumentation/Quelle der Schätzung, soweit verfügbar:",
        "Reference": "Reference:",
        "Weblink": "Weblink:"
      }
    },
    "Table3": {
      "PAM": {
        "label": "Gruppen von Politiken und Maßnahmen:" 
      },
      "Costs": {
        "Projected": "Prognosen der Kosten und Gewinne",
        "Realised": "Tatsächliche Kosten und Gewinne",                
        "CostType": "Kosten ",
        "BenefitType": "Gewinne ",
        "NetCostType": "Net cost ",
        "CostReduced": "Kosten in Euro pro eingesparter/gespeicherter Tonne CO2-Äq.:",
        "Benefit": "Gewinne in Euro pro eingesparter/gespeicherter Tonne CO2-Äq.:",
        "NetCost": "Net costs in EUR per tonne CO2eq reduced/ sequestered:",
        "CostPerYear": "Absolute Kosten pro Jahr in Euro :",
        "BenefitPerYear": "Absolute Gewinne pro Jahr in Euro :",
        "NetCostPerYear": "Net Cost per year in EUR:",
        "CostCalculatedYear": "Year for which cost has been calculated:",
        "BenefitCalculatedYear": "Year for which benefits has been calculated:",
        "NetCostCalculatedYear": "Year for which net cost has been calculated:",
        "CostReferenceYear": "Price reference year:",
        "CostDescription": "Beschreibung der Kosten-schätzungen (Grundlage für Kostenschätzung, in der Schätzung enthaltene Kostenarten, Methode):",
        "CostDocumentation": {
          "label": "Dokumentation/Quelle der Kostenschätzung:",
          "Reference": "Reference:",
          "Weblink": "Weblink:"
        },
        "BenefitDescription": "Description of benefit estimates (basis for benefit estimate, what type of benefits are included in the estimate, methodology):",
        "BenefitDocumentation": {
          "label": "Documentation/ Source of benefit estimation:",
          "Reference": "Reference:",
          "Weblink": "Weblink:"
        }
      }     
    }            
  }
}