{
  "Labels": {
    "Webform": {
      "CreatePam": "Create new PAM",
      "Title": "Monitoring Mechanism Regulation",
      "TitlePlaceholder": "Enter Title",
      "Annex": "PRÍLOHA XI",
      "Add": "Add",
      "AddPam": "Add PAM",
      "Loading": "Loading...",
      "Complete": "Complete PAM/Group"
    },
    "Overview": {
      "Group": "Policy/measure, or groups of measures",
      "Title": "Title",
      "Table1": "Tabuľka 1: Odvetvia a plyny na účely nahlasovania informácií o politikách a opatreniach a súboroch opatrení a druh nástroja politiky",
      "Table2": "Tabuľka 2: Dostupné výsledky posúdení ex ante a ex post účinkov jednotlivých politík a opatrení alebo súborov politík a opatrení na zmiernenie zmeny klímy",
      "Table3": "Tabuľka 3: Dostupné odhadované a realizované náklady a prínosy jednotlivých politík a opatrení alebo skupín politík a opatrení na zmiernenie zmeny klímy",
      "new_table": "Create Table",
      "edit_table": "Edit Table",
      "delete_pam": "Delete"
    },
    "Table1": {
      "Title": "Title for this PAM/Group",
      "isGroup": {
        "label": "Is this a single policy/measure or a group of policies or measures?",
        "placeholder": "teeest",
        "list": {
          "single": "Single",
          "group": "Group"
        }
      },
      "PolicyGroup": {
        "label": "Which policies or measures does it cover?"
      },
      "Sectors": {
        "label": "Sector(s) affected:",
        "placeholder": "Dotknuté odvetvia",
        "list": {
          "Energy_Supply": "Zásobovanie energiou (zahŕňa ťažbu, prenos, distribúciu a skladovanie palív, ako aj výrobu energie a elektriny)",
          "Energy_Consumption": "Spotreba energie (zahŕňa spotrebu palív a elektriny koncovými používateľmi, ako sú domácnosti, služby, priemysel a poľnohospodárstvo)",
          "Transport": "Doprava",
          "Industrial_Processes": " Priemyselné procesy (zahŕňajú priemyselné činnosti, ktoré chemicky alebo fyzikálne menia materiály za vzniku emisií skleníkových plynov, využívanie skleníkových plynov vo výrobkoch a neenergetické využitie uhlíka z fosílnych palív)",
          "Agriculture": "Poľnohospodárstvo",
          "LULUCF": "Využívanie pôdy, zmeny vo využívaní pôdy a lesné hospodárstvo",
          "Waste": "Nakladanie s odpadom/odpad",
          "Cross-cutting": "Všeobecné opatrenia",
          "Other": "Ostatné odvetvia"
        },
        "shortlist": {
          "Energy_Supply": "Zásobovanie energiou",
          "Energy_Consumption": "Spotreba energie",
          "Transport": "Doprava",
          "Industrial_Processes": "Priemyselné procesy ",
          "Agriculture": "Poľnohospodárstvo",
          "LULUCF": "Využívanie pôdy, zmeny vo využívaní pôdy a lesné hospodárstvo",
          "Waste": "Nakladanie s odpadom/odpad",
          "Cross-cutting": "Všeobecné opatrenia",
          "Other": "Ostatné odvetvia"
        }
      },
      "GreenhouseGases": {
        "label": "Greenhouse gas(es) affected:",
        "placeholder": "Select Gas(es)",
        "list": {
          "CO2": "oxid uhličitý (CO2)",
          "CH4": "metán (CH4)",
          "N2O": "oxid dusný (N2O)",
          "HFC": "fluórované uhľovodíky (HFC)",
          "PFC": "plnofluórované uhľovodíky (PFC)",
          "SF6": "fluorid sírový (SF6)",
          "NF3": "fluorid dusitý (NF3)"
        }
      },
      "Objective": {
        "label": "Cieľ:",
        "placeholder": "Select Objective",
        "select": "Select Objective",
        "list": {
          "ES_renewable": "Zvýšenie používania obnoviteľnej energie",
          "ES_Fuels_witch": "Prechod na palivá s nižším obsahom uhlíka",
          "ES_nuclear": "Rozšírenie výroby z neobnoviteľných nízkouhlíkových zdrojov (jadrová energia)",
          "ES_loss_reduction": "Zníženie strát",
          "ES_efficiency": "Zvýšenie účinnosti v odvetví energetiky a premeny",
          "ES_CSS": " Zachytávanie a ukladanie uhlíka",
          "ES_fugitive_emissions": "Kontrola prchavých emisií z výroby energie",
          "ES_other": " Ostatné zásobovanie energiou",
          "EC_efficiency_buildings": "Zvýšenie účinnosti budov",
          "EC_efficiency_appliances": "Zvýšenie účinnosti spotrebičov",
          "EC_efficiency_services": "Zvýšenie účinnosti v službách/treťom sektore",
          "EC_efficiency_industry": "Zvýšenie účinnosti v priemyselných odvetviach konečnej spotreby",
          "EC_demand_reduction": "Riadenie/zníženie dopytu",
          "EC_other": "Ostatná spotreba energie",
          "TR_vehicle_efficiency": "Zvýšenie účinnosti vozidiel",
          "TR_modal_shift": "Prechod na verejnú dopravu alebo nemotorizovanú dopravu",
          "TR_electric_cars": "Nízkouhlíkové palivá/autá na elektrický pohon",
          "TR_demand_reduction": "Riadenie/zníženie dopytu",
          "TR_improved_behaviour": "Zlepšenie správania",
          "TR_improved_infrastructure": "Zlepšenie dopravnej infraštruktúry",
          "TR_other": "Ostatná doprava",
          "IP_abatement_technologies": "Inštalácia technológií na zníženie emisií",
          "IP_F-gas_reduction": "Zníženie emisií fluórovaných plynov",
          "IP_F-gas_replacement": "Náhrada fluórovaných plynov inými látkami",
          "IP_fugitive_emissions_control": " Zlepšenie regulácie prchavých emisií z priemyselných procesov",
          "IP_other": "Ostatné priemyselné procesy",
          "WA_demand_reduction": "Riadenie/zníženie dopytu",
          "WA_Recycling": "Zlepšenie recyklácie",
          "WA_Methane_collection": "Zlepšenie získavania a využívania CH4",
          "WA_improved_treatment": "Zlepšenie technológií spracovania",
          "WA_improved_landfill_management": "Zlepšenie správy skládok",
          "WA_waste_to_energy": "Spaľovanie odpadov s využitím energie",
          "WA_wastewater": "Zlepšenie systémov nakladania s odpadovými vodami",
          "WA_reduced_landfilling": "Obmedzenie skládkovania",
          "WA_other": " Ostatný odpad",
          "AG_Fertilizer_use": "Zníženie používania hnojív/hnoja na ornej pôde",
          "AG_cropland_management": "ďalšie činnosti na zlepšenie obhospodarovania ornej pôdy",
          "AG_livestock_management": "Zlepšenie manažmentu hospodárskych zvierat",
          "AG_animal_waste": "Zlepšenie systémov nakladania so živočíšnym odpadom",
          "AG_grazing_land_or_grassland": "činnosti na zlepšenie obhospodarovania pasienkov alebo trávnych porastov",
          "AG_organic_soils": "Zlepšenie obhospodarovania organických pôd",
          "AG_other": "Ostatné poľnohospodárstvo",
          "LULUCF_afforestation_reforestation": "Zalesňovanie a znovuzalesnenie",
          "LULUCF_carbon_conservation": "Zachovanie uhlíka v existujúcich lesoch",
          "LULUCF_forest_production": "výšenie produkcie v existujúcich lesoch",
          "LULUCF_hwp_pool": "Zvýšenie ponuky produktov z vyťaženého dreva",
          "LULUCF_forest_management": "Zlepšenie obhospodarovania lesov",
          "LULUCF_deforestation_prevention": "Predchádzanie odlesňovaniu",
          "LULUCF_protection_against_natural_disturbances": "Posilnenie ochrany pred prírodnými katastrofami",
          "LULUCF_substitution_with_HWP": "Nahradenie východiskových surovín a materiálov s vysokými emisiami skleníkových plynov produktmi z vyťaženého dreva",
          "LULUCF_wetlands": "Predchádzanie odvodňovaniu a opätovnému zavlažovaniu mokradí,",
          "LULUCF_degraded_lands": "Obnovenie pôdy postihnutej degradáciou",
          "LULUCF_other": "Ostatné činnosti v oblasti LULUCF",
          "CC_framework": "Rámcová politika",
          "CC_multi-sectoral": "Viacodvetvová politika",
          "CC_other": "Ostatné všeobecné opatrenia"
        }
      },
      "ObjectiveOther": {
        "label": "Other objectives list",
        "sectors": "Select sector",
        "text": "Objective Name",
        "remove": "Remove objective"
      },
      "ObjectiveQuantified": {
        "label": "Kvantifikovaný cieľ",
        "placeholder": "Kvantifikovaný cieľ"
      },
      "Description": {
        "label": "Stručný opis:",
        "placeholder": "Type Description"
      },
      "isEnvisaged": {
        "label": "Is the policy or measure envisaged with a view to limiting GHG emissions beyond the Member State commitments under Decision No 406/2009/EC?",
        "list": {
          "yes": "Yes",
          "no": "No"
        }
      },
      "PolicyInstrument": {
        "label": "Druh nástroja politiky:",
        "placeholder": "Select Policy Instrument",
        "list": {
          "Economic": "Hospodárska",
          "Fiscal": "Fiškálna",
          "Voluntary": "Dobrovoľné/dojednané dohody",
          "Regulatory": "Regulačná",
          "Information": "Informačná",
          "Education": "Vzdelávacia",
          "Research": "Výskumná",
          "Planning": "Plánovacia",
          "Other": "Ostatné"
        }
      },
      "UnionPolicy": {
        "label": "Politika Únie, ktorá viedla k vykonaniu politiky/opatrenia:",
        "other": "Enter other Union Policy",
        "related": "Related",
        "not_related": "Non related",
        "list": {
          "ETS_directive": "EU ETS directive 2003/87/EC as  amended by Directive 2008/101/EC and Directive 2009/29/EC and implementing legislation, in particular 2010/2/EU, 2011/278/EU and 2011/638/EU",
          "Effort_Sharing_Decision": "Effort Sharing Decision 406/2009/EC",
          "RES_directive": "RES directive 2009/28/EC",
          "CO2_and_cars_and_vans_regulations": "Regulation on CO2 from cars and vans (2009/443/EC and no. 510/2011)",
          "Recast_of_EPBD": "Recast of the Energy Performance of Buildings Directive (Directive 2010/31/EU)",
          "Eco-design_Labelling_directives": "Eco-design framework directive 2005/32/EC and its implementing regulations, combined with Labelling Directive 2003/66/EC and 2010/30/EC, including implementing measures (1)",
          "F-gas_Regulation": "F-gas Regulation 2006/842/EC",
          "Motor_Vehicles_Directive": "Motor Vehicles Directive 2006/40/EC",
          "Geological_storage": "Directive on the geological storage of CO2 2009/31/EC",
          "Cogeneration_Directive": "Cogeneration Directive 2004/8/EC",
          "End-use_and_energy_services": "Directive 2006/32/EC on end-use energy efficiency and energy services",
          "Energy_Star_Program": "Energy Star Program",
          "Internal_energy_market": "Completion of the internal energy market (including provisions of the 3d package)",
          "Energy_Taxation_Directive": " Energy Taxation Directive 2003/96/EC",
          "IED": "Industrial emissions Directive 2010/75/EU (Recast of IPPC Directive 2008/1/EC and Large Combustion Plant Directive 2001/80/EC)",
          "NEC": "Directive on national emissions' ceilings for certain pollutants 2001/81/EC",
          "Water_Framework": "Water Framework Directive 2000/60/EC",
          "EURO_5_and_6": "Regulation EURO 5 and 6 2007/715/EC",
          "Euro_6_for_HDV": "Regulation Euro VI for heavy duty vehicles 2009/595/EC",
          "FQD": "Fuel Quality Directive 2009/30/EC",
          "Biofuels_directive": "Biofuels directive 2003/30/EC",
          "Landfill_Directive": "Landfill Directive 1999/31/EC",
          "Waste_Directive": "Waste Directive 2006/12/EC",
          "Waste_Management_Framework_Directive": "Waste Management Framework Directive 2008/98/EC",
          "Nitrate_Directive": "Nitrate Directive 1991/676/EEC",
          "CAP_Reform": "Common Agricultural Policy (CAP) Reform 2006/144/EC",
          "CAP_Health_Check_and_Set_aside": "CAP “Health Check” 2008 and the “Set aside” regulation 73/2009",
          "Eurovignette_Directive": "Eurovignette Directive on road infrastructure charging 2011/76/EU",
          "Clean_and_Energy_Efficient_Vehicles": "Directive on the Promotion of Clean and Energy Efficient Road Transport Vehicles 2009/33/EC",
          "Other_EU": "Other (Union policy not listed above or additional Union policy)",
          "Non_EU-related_PAM": "PAM not related to Union policies"
        }
      },
      "ImplementationStatus": {
        "label": "Stav vykonávania:",
        "list": {
          "Planned": "Plánované",
          "Adopted": "Prijaté",
          "Implemented": "Vykonané",
          "Expired": "Uplynutá platnosť (Politiky a opatrenia, ktorých platnosť uplynula, musia byť uvedené v šablóne iba v prípade, ak majú nejaký vplyv alebo ak sa očakáva, že aj naďalej budú mať vplyv na emisie skleníkových plynov)"
        }
      },
      "ImplementationPeriod": {
        "label": "Obdobie vykonávania:",
        "start": "Začiatok",
        "finish": "Koniec"
      },
      "ProjectionsScenario": {
        "label": "Scenár projekcií, ktorých súčasťou je politika/opatrenie:",
        "list": {
          "WEM": "With existing measures",
          "WAM": "With additional measures"
        }
      },
      "Entities": {
        "label": "Subjekty zodpovedné za vykonávanie politiky:",
        "addMore": "Add Entity",
        "remove": "Remove Entity",
        "current": "Current entity list",
        "type": "Entity type",
        "name": "Entity name:",
        "list": {
          "Government": "Vlády jednotlivých štátov",
          "Regional": "Regionálne subjekty",
          "Local": "Miestne samosprávy",
          "Companies": "Spoločnosti/podniky/priemyselné združenia",
          "Research": "Výskumné inštitúcie",
          "Other": "Ostatné neuvedené"
        }
      },
      "Indicators": {
        "label": "Ukazovatele použité na sledovanie a hodnotenie pokroku v čase:",
        "current": "Current Indicators list",
        "addMore": "Add More",
        "remove": "Remove Indicator",
        "desc": "Opis",
        "Year": "Rok",
        "Value": "Value"
      },
      "Reference": {
        "label": "Odkaz na posúdenia a východiskové technické správy:",
        "Text": "Reference",
        "Url": "URL:"
      },
      "Comments": {
        "label": "Všeobecné poznámky:"
      }
    },
    "Table2": {
      "PAM": {
        "label": "Group of policies and measures:"
      },
      "PolicyImpact": {
        "label": "Policy impacting EU ETS or ESD emissions:",
        "EU_ETS": "EU ETS",
        "ESD": "ESD",
        "LULUCF": "Využívanie pôdy, zmeny vo využívaní pôdy a lesné hospodárstvo",
        "Total": "Total"
      },
      "Exante": {
        "Title": "Posúdenie ex ante"
      },
      "ExanteEmissions": {
        "label": "GHG emissions reductions for year:"
      },
      "Expost": {
        "Title": "Posúdenie ex post",
        "Year": "Rok, ktorého sa zníženie týka:",
        "Average": "Average emission reduction:",
        "remove": "Remove Entry"
      },
      "ExpostEmissions": {
        "label": "GHG emissions reductions (kt CO2-equivalent per year):"
      },
      "BasisExplanation": {
        "label": "Vysvetlenie základu pre odhady zníženia:"
      },
      "AffectedFactors": {
        "label": "Faktory ovplyvnené politikami a opatreniami:"
      },
      "Documentation": {
        "label": "Dokumentácia/zdroj odhadu, ak je k dispozícii :",
        "Reference": "Reference:",
        "Weblink": "Weblink:"
      }
    },
    "Table3": {
      "PAM": {
        "label": "Group of policies and measures:"
      },
      "Costs": {
        "Projected": "Plánované náklady a prínosy",
        "Realised": "Realised costs and benefits",
        "CostType": "Cost ",
        "BenefitType": "Benefit ",
        "NetCostType": "Net cost ",
        "CostReduced": "Náklady v EUR na tonu zníženého/sekvestrovaného ekv. CO2:",
        "Benefit": "Benefits in EUR per tonne CO2eq reduced/ sequestered:",
        "NetCost": "Net costs in EUR per tonne CO2eq reduced/ sequestered:",
        "CostPerYear": "Absolútne náklady za rok v EUR:",
        "BenefitPerYear": "Absolute benefit per year in EUR:",
        "NetCostPerYear": "Net Cost per year in EUR:",
        "CostCalculatedYear": "Year for which cost has been calculated:",
        "BenefitCalculatedYear": "Year for which benefits has been calculated:",
        "NetCostCalculatedYear": "Year for which net cost has been calculated:",
        "CostReferenceYear": "Price reference year:",
        "CostDescription": "Opis odhadov nákladov (základ pre odhad nákladov, aký typ nákladov sa použil):",
        "CostDocumentation": {
          "label": "Dokumentácia/zdroj odhadu nákladov:",
          "Reference": "Reference:",
          "Weblink": "Weblink:"
        },
        "BenefitDescription": "Description of benefit estimates (basis for benefit estimate, what type of benefits are included in the estimate, methodology):",
        "BenefitDocumentation": {
          "label": "Documentation/ Source of benefit estimation:",
          "Reference": "Reference:",
          "Weblink": "Weblink:"
        }
      }
    }
  }
}