{
  "Labels": {
    "Webform": {
      "CreatePam": "Δημιουργία νέων πολιτικών και μέτρων",
      "Title": "Monitoring Mechanism Regulation",
      "TitlePlaceholder": "Εισάγετε τον τίτλο",
      "Annex": "ΠΑΡΑΡΤΗΜΑ XI",
      "Add": "Add",
      "AddPam": "Add PAM",
      "Loading": "Loading...",
      "Complete": "Complete PAM/Group"
    },
    "Overview": {
      "Group": "Πολιτική/μέτρο ή ομάδες μέτρων",
      "Title": "Τίτλος",
      "Table1": "Πίνακας 1: Τομείς και αέρια για την υποβολή εκθέσεων σχετικά με τις πολιτικές και τα μέτρα και ομάδες μέτρων και το είδος του μέσου της πολιτικής",
      "Table2": "Πίνακας 2: Διαθέσιμα αποτελέσματα εκ των προτέρων και εκ των υστέρων αξιολογήσεων των αποτελεσμάτων μεμονωμένων πολιτικών και μέτρων ή ομάδων πολιτικών και μέτρων για τον μετριασμό των κλιματικών αλλαγών",
      "Table3": "Πίνακας 3: Διαθέσιμα προβλεπόμενα και πραγματοποιημένα έξοδα και οφέλη μεμονωμένων πολιτικών και μέτρων ή ομάδων πολιτικών και μέτρων για τον μετριασμό της κλιματικής αλλαγής",
      "new_table": "Create Table",
      "edit_table": "Edit Table",
      "delete_pam": "Delete"
    },
    "Table1": {
      "Title": "Title for this PAM/Group",
      "isGroup": {
        "label": "Is this a single policy/measure or a group of policies or measures?",
        "placeholder": "teeest",
        "list": {
          "single": "Single",
          "group": "Group"
        }
      },
      "PolicyGroup": {
        "label": "Which policies or measures does it cover?"
      },
      "Sectors": {
        "label": "Τομέας/-είς που επηρεάζεται/-ονται :",
        "placeholder": "Select Sector(s)",
        "list": {
          "Energy_Supply": "Ενεργειακός εφοδιασμός (που συνίσταται στην εκχύλιση, τη μεταφορά, τη διανομή και την αποθήκευση καυσίμων, καθώς και στην παραγωγή ενέργειας και ηλεκτρισμού),",
          "Energy_Consumption": "Ενεργειακή κατανάλωση (που συνίσταται στην κατανάλωση καυσίμων και ηλεκτρισμού από τελικούς χρήστες, όπως νοικοκυριά, υπηρεσίες, βιομηχανία και γεωργία)",
          "Transport": "Μεταφορές",
          "Industrial_Processes": "Βιομηχανικές διεργασίες (που αποτελούνται από βιομηχανικές δραστηριότητες οι οποίες με φυσικό ή χημικό τρόπο μετασχηματίζουν τα υλικά οδηγώντας σε εκπομπές αερίων του θερμοκηπίου, χρήση αερίων του θερμοκηπίου σε προϊόντα και μη ενεργειακές χρήσεις άνθρακα ορυκτών καυσίμων)",
          "Agriculture": "Γεωργία",
          "LULUCF": "Χρήση γης, αλλαγή χρήσης γης και δασοκομία",
          "Waste": "Διαχείριση αποβλήτων/απόβλητα",
          "Cross-cutting": "Διατομεακά θέματα",
          "Other": "Άλλοι τομείς"
        },
        "shortlist": {
          "Energy_Supply": "Ενεργειακός εφοδιασμός",
          "Energy_Consumption": "Ενεργειακή κατανάλωση",
          "Transport": "Μεταφορές",
          "Industrial_Processes": "Βιομηχανικές διεργασίες",
          "Agriculture": "Γεωργία",
          "LULUCF": "Χρήση γης, αλλαγή χρήσης γης και δασοκομία",
          "Waste": "Διαχείριση αποβλήτων/απόβλητα",
          "Cross-cutting": "Διατομεακά θέματα",
          "Other": "Άλλοι τομείς"
        }
      },
      "GreenhouseGases": {
        "label": "Αέρια του θερμοκηπίου που επηρεάζονται:",
        "placeholder": "Select Gas(es)",
        "list": {
          "CO2": "Διοξείδιο του άνθρακα (CO2)",
          "CH4": "Μεθάνιο (CH4)",
          "N2O": "Υποξείδιο του αζώτου (N2O)",
          "HFC": "Υδροφθοράνθρακες (HFC)",
          "PFC": "Υπερφθοριωμένοι υδρογονάνθρακες (PFC)",
          "SF6": "Εξαφθοριούχο θείο  (SF6)",
          "NF3": "Τριφθοριούχο άζωτο ( (NF3)"
        }
      },
      "Objective": {
        "label": "Στόχος:",
        "placeholder": "Select Objective",
        "select": "Select Objective",
        "list": {
          "ES_renewable": "Αύξηση των ανανεώσιμων πηγών ενέργειας",
          "ES_Fuels_witch": "Αλλαγή σε καύσιμα μικρότερης έντασης άνθρακα",
          "ES_nuclear": "Ενισχυμένη μη ανανεώσιμη παραγωγή άνθρακα χαμηλής έντασης (πυρηνική)",
          "ES_loss_reduction": "Περιορισμός των ζημιών",
          "ES_efficiency": "Βελτίωση της αποδοτικότητας στον τομέα ενέργειας και μετατροπής",
          "ES_CSS": "Δέσμευση και αποθήκευση άνθρακα",
          "ES_fugitive_emissions": "Έλεγχος διαφευγουσών εκπομπών από την παραγωγή ενέργειας",
          "ES_other": "Άλλος ενεργειακός εφοδιασμός",
		  
          "EC_efficiency_buildings": "Βελτιώσεις της αποδοτικότητας των κτιρίων",
          "EC_efficiency_appliances": "Βελτίωση της αποδοτικότητας των συσκευών",
          "EC_efficiency_services": "Βελτίωση της αποδοτικότητας στις υπηρεσίες/στον τριτογενή τομέα",
          "EC_efficiency_industry": "Βελτίωση της αποδοτικότητας σε βιομηχανικούς κλάδους τελικής χρήσης",
          "EC_demand_reduction": "Διαχείριση/μείωση ζήτησης",
          "EC_other": "Άλλη κατανάλωση ενέργειας",
		  
          "TR_vehicle_efficiency": "Βελτιώσεις της αποδοτικότητας των οχημάτων",
          "TR_modal_shift": "Αλλαγή του τρόπου εκτέλεσης των μεταφορών σε δημόσιες μεταφορές ή σε μη μηχανοκίνητες μεταφορές",
          "TR_electric_cars": "Καύσιμα χαμηλής έντασης άνθρακα/ηλεκτρικά αυτοκίνητα",
          "TR_demand_reduction": "Διαχείριση/μείωση ζήτησης",
          "TR_improved_behaviour": "Βελτιωμένη συμπεριφορά",
          "TR_improved_infrastructure": "Βελτιωμένες υποδομές μεταφορών",
          "TR_other": "Λοιπές μεταφορές",
		  
          "IP_abatement_technologies": "Εγκατάσταση τεχνολογιών μείωσης",
          "IP_F-gas_reduction": "Μείωση των εκπομπών φθοριωμένων αερίων",
          "IP_F-gas_replacement": "Αντικατάσταση φθοριωμένων αερίων από άλλες ουσίες",
          "IP_fugitive_emissions_control": "Βελτιωμένος έλεγχος διαφευγουσών εκπομπών από βιομηχανικές διεργασίες",
          "IP_other": "Άλλες βιομηχανικές διεργασίες",
		  
          "WA_demand_reduction": "Διαχείριση/μείωση της ζήτησης των αποβλήτων",
          "WA_Recycling": "Ενισχυμένη ανακύκλωση",
          "WA_Methane_collection": "Ενισχυμένη συλλογή και χρήση CH4",
          "WA_improved_treatment": "Βελτιωμένες τεχνολογίες επεξεργασίας",
          "WA_improved_landfill_management": "Βελτιωμένη διαχείριση υγειονομικής ταφής",
          "WA_waste_to_energy": "Αποτέφρωση αποβλήτων με χρήση ενέργειας",
          "WA_wastewater": "Βελτιωμένα συστήματα διαχείρισης λυμάτων",
          "WA_reduced_landfilling": "Μειωμένη υγειονομική ταφή",
          "WA_other": "Άλλα απόβλητα",
		  
          "AG_Fertilizer_use": "Μείωση λιπασμάτων/χρήση κοπριάς σε καλλιεργήσιμες εκτάσεις",
          "AG_cropland_management": "Άλλες δραστηριότητες που βελτιώνουν τη διαχείριση των καλλιεργήσιμων εκτάσεων",
          "AG_livestock_management": "Βελτιωμένη διαχείριση της κτηνοτροφίας",
          "AG_animal_waste": "Βελτιωμένα συστήματα διαχείρισης ζωικών αποβλήτων",
          "AG_grazing_land_or_grassland": "Δραστηριότητες που βελτιώνουν τη διαχείριση των βοσκοτόπων ή των χορτολιβαδικών εκτάσεων",
          "AG_organic_soils": "Βελτιωμένη διαχείριση οργανικών εδαφών",
          "AG_other": "Άλλη γεωργία",
		  
          "LULUCF_afforestation_reforestation": "Δάσωση και αναδάσωση",
          "LULUCF_carbon_conservation": "Διατήρηση του άνθρακα σε υπάρχοντα δάση",
          "LULUCF_forest_production": "Ενίσχυση της παραγωγής σε υπάρχοντα δάση",
          "LULUCF_hwp_pool": "Αύξηση της συγκέντρωσης προϊόντων δασικής συγκομιδής",
          "LULUCF_forest_management": "Ενισχυμένη διαχείριση δασών",
          "LULUCF_deforestation_prevention": "Πρόληψη αποψίλωσης",
          "LULUCF_protection_against_natural_disturbances": "Ενίσχυση της προστασίας κατά των φυσικών διαταραχών",
          "LULUCF_substitution_with_HWP": "Υποκατάσταση προϊόντων εφοδιασμού και υλικών υψηλής έντασης αερίων του θερμοκηπίου με προϊόντα δασικής συγκομιδής",
          "LULUCF_wetlands": " Πρόληψη αποξήρανσης ή επανύγρανσης υγροτόπων",
          "LULUCF_degraded_lands": "Αποκατάσταση υποβαθμισμένων γαιών",
          "LULUCF_other": "Άλλη LULUCF",
		  
          "CC_framework": "Πολιτική πλαισίου",
          "CC_multi-sectoral": "Πολυτομεακή πολιτική",
          "CC_other": "Άλλα διατομεακά θέματα"
        }
      },
      "ObjectiveOther": {
        "label": "Other objectives list",
        "sectors": "Select sector",
        "text": "Objective Name",
        "remove": "Remove objective"
      },
      "ObjectiveQuantified": {
        "label": "Ποσοτικοποιημένος στόχος",
        "placeholder": "Ποσοτικοποιημένος στόχος"
      },
      "Description": {
        "label": "Σύντομη περιγραφή:",
        "placeholder": "Τύπος περιγραφής"
      },
      "isEnvisaged": {
        "label": "Is the policy or measure envisaged with a view to limiting GHG emissions beyond the Member State commitments under Decision No 406/2009/EC?",
        "list": {
          "yes": "Ναι",
          "no": "Όχι"
        }
      },
      "PolicyInstrument": {
        "label": "Τύπος Μέσου Πολιτικής	:",
        "placeholder": "Επιλέξτε Μέσο Πολιτικής",
        "list": {
          "Economic": "Οικονομική",
          "Fiscal": "Δημοσιονομική",
          "Voluntary": "Εθελοντικές/διαπραγματευόμενες συμφωνίες",
          "Regulatory": "Κανονιστική",
          "Information": "Πληροφόρησης",
          "Education": "Εκπαιδευτική",
          "Research": "Ερευνητική",
          "Planning": "Προγραμματισμού",
          "Other": "Άλλη"
        }
      },
      "UnionPolicy": {
        "label": "Ενωσιακή πολιτική που είχε ως αποτέλεσμα την εφαρμογή της πολιτικής ή του μέτρου:",
        "other": "Εισάγετε άλλη Ενωσιακή πολιτική",
        "related": "Related",
        "not_related": "Non related",
        "list": {
          "ETS_directive": "EU ETS directive 2003/87/EC as  amended by Directive 2008/101/EC and Directive 2009/29/EC and implementing legislation, in particular 2010/2/EU, 2011/278/EU and 2011/638/EU",
          "Effort_Sharing_Decision": "Effort Sharing Decision 406/2009/EC",
          "RES_directive": "RES directive 2009/28/EC",
          "CO2_and_cars_and_vans_regulations": "Regulation on CO2 from cars and vans (2009/443/EC and no. 510/2011)",
          "Recast_of_EPBD": "Recast of the Energy Performance of Buildings Directive (Directive 2010/31/EU)",
          "Eco-design_Labelling_directives": "Eco-design framework directive 2005/32/EC and its implementing regulations, combined with Labelling Directive 2003/66/EC and 2010/30/EC, including implementing measures (1)",
          "F-gas_Regulation": "F-gas Regulation 2006/842/EC",
          "Motor_Vehicles_Directive": "Motor Vehicles Directive 2006/40/EC",
          "Geological_storage": "Directive on the geological storage of CO2 2009/31/EC",
          "Cogeneration_Directive": "Cogeneration Directive 2004/8/EC",
          "End-use_and_energy_services": "Directive 2006/32/EC on end-use energy efficiency and energy services",
          "Energy_Star_Program": "Energy Star Program",
          "Internal_energy_market": "Completion of the internal energy market (including provisions of the 3d package)",
          "Energy_Taxation_Directive": " Energy Taxation Directive 2003/96/EC",
          "IED": "Industrial emissions Directive 2010/75/EU (Recast of IPPC Directive 2008/1/EC and Large Combustion Plant Directive 2001/80/EC)",
          "NEC": "Directive on national emissions' ceilings for certain pollutants 2001/81/EC",
          "Water_Framework": "Water Framework Directive 2000/60/EC",
          "EURO_5_and_6": "Regulation EURO 5 and 6 2007/715/EC",
          "Euro_6_for_HDV": "Regulation Euro VI for heavy duty vehicles 2009/595/EC",
          "FQD": "Fuel Quality Directive 2009/30/EC",
          "Biofuels_directive": "Biofuels directive 2003/30/EC",
          "Landfill_Directive": "Landfill Directive 1999/31/EC",
          "Waste_Directive": "Waste Directive 2006/12/EC",
          "Waste_Management_Framework_Directive": "Waste Management Framework Directive 2008/98/EC",
          "Nitrate_Directive": "Nitrate Directive 1991/676/EEC",
          "CAP_Reform": "Common Agricultural Policy (CAP) Reform 2006/144/EC",
          "CAP_Health_Check_and_Set_aside": "CAP “Health Check” 2008 and the “Set aside” regulation 73/2009",
          "Eurovignette_Directive": "Eurovignette Directive on road infrastructure charging 2011/76/EU",
          "Clean_and_Energy_Efficient_Vehicles": "Directive on the Promotion of Clean and Energy Efficient Road Transport Vehicles 2009/33/EC",
          "Other_EU": "Other (Union policy not listed above or additional Union policy)",
          "Non_EU-related_PAM": "PAM not related to Union policies"
        }
      },
      "ImplementationStatus": {
        "label": "Κατάσταση εφαρμογής:",
        "list": {
          "Planned": "Έχει προγραμματιστεί",
          "Adopted": "Έχει εγκριθεί",
          "Implemented": "Έχει εφαρμοστεί",
          "Expired": "Έχει λήξει (μόνον εάν έχουν αποτέλεσμα ή αναμένεται να εξακολουθήσουν να έχουν αποτέλεσμα στις εκπομπές αερίων του θερμοκηπίουs)"
        }
      },
      "ImplementationPeriod": {
        "label": "Περίοδος εφαρμογής:",
        "start": "Έναρξη",
        "finish": "Λήξη"
      },
      "ProjectionsScenario": {
        "label": "Σενάριο προβολών στο οποίο περιλαμβάνεται η πολιτική ή το μέτρο:",
        "list": {
          "WEM": "Με τα ισχύοντα μέτρα",
          "WAM": "Με επιπρόσθετα μέτρα"
        }
      },
      "Entities": {
        "label": "Φορείς που ευθύνονται για την εφαρμογή της πολιτικής:",
        "addMore": "Προσθέστε Φορέα",
        "remove": "Αφαιρέστε Φορέα",
        "current": "Τρέχουσα λίστα Φορέων",
        "type": "Τύπος Φορέα",
        "name": "Όνομα Φορέα:",
        "list": {
          "Government": "Εθνική κυβέρνηση",
          "Regional": "Περιφερειακοί φορείς",
          "Local": "Τοπική αυτοδιοίκηση",
          "Companies": "Εταιρείες/επιχειρήσεις/βιομηχανικές ενώσεις",
          "Research": "Ερευνητικά ιδρύματα",
          "Other": "Άλλοι"
        }
      },
      "Indicators": {
        "label": "Δείκτες που χρησιμοποιούνται για την παρακολούθηση και την αξιολόγηση της προόδου με την πάροδο του χρόνου (είτε εκ των υστέρων είτε εκ των προτέρων):",
        "current": "Τρέχουσα λίστα Δεικτών",
        "addMore": "Προσθέστε",
        "remove": "Αφαιρέστε Δείκτη",
        "desc": "Περιγραφή",
        "Year": "Έτος",
        "Value": "Τιμή"
      },
      "Reference": {
        "label": "Αναφορά σε εκτιμήσεις και τεχνικές εκθέσεις υποστήριξης:",
        "Text": "Αναφορά",
        "Url": "URL:"
      },
      "Comments": {
        "label": "Γενικές παρατηρήσεις:"
      }
    },
    "Table2": {
      "PAM": {
        "label": "Ομάδα πολιτικών και μέτρων:"
      },
      "PolicyImpact": {
        "label": "Πολιτική που επηρεάζει τις εκπομπές ETS ή ESD της ΕΕ:",
        "EU_ETS": "ETS της ΕΕ",
        "ESD": "ESD",
        "LULUCF": "Χρήση γης, αλλαγή χρήσης γης και δασοκομία",
        "Total": "Σύνολο"
      },
      "Exante": {
        "Title": "Εκ των προτέρων αξιολόγηση"
      },
      "ExanteEmissions": {
        "label": "Μειώσεις εκπομπών αερίων του θερμοκηπίου για το έτος:"
      },
      "Expost": {
        "Title": "Εκ των υστέρων αξιολόγηση",
        "Year": "Έτος για το οποίο ισχύει η μείωση:",
        "Average": "Μέση μείωση εκπομπών :",
        "remove": "Remove Entry"
      },
      "ExpostEmissions": {
        "label": "Μειώσεις εκπομπών αερίων του θερμοκηπίου(σε kt ισοδυνάμου CO2 ανά έτος) :"
      },
      "BasisExplanation": {
        "label": "Επεξήγηση της βάσης των εκτιμήσεων μετριασμού:"
      },
      "AffectedFactors": {
        "label": "Παράγοντες που επηρεάζονται από τις πολιτικές και τα μέτρα:"
      },
      "Documentation": {
        "label": "Τεκμηρίωση/πηγή εκτίμησης, εάν υπάρχει:",
        "Reference": "Αναφορά:",
        "Weblink": "Δικτυακός σύνδεσμος:"
      }
    },
    "Table3": {
      "PAM": {
        "label": "Ομάδα πολιτικών και μέτρων:"
      },
      "Costs": {
        "Projected": "Προβλεπόμενα έξοδα και οφέλη",
        "Realised": "Πραγματοποιημένα έξοδα και οφέλη",
        "CostType": "Κόστος ",
        "BenefitType": "Όφελος",
        "NetCostType": "Καθαρό κόστος",
        "CostReduced": "Έξοδα σε ευρώ ανά τόνο ισοδυνάμου CO2 που μειώνεται/δεσμεύεται:",
        "Benefit": "Οφέλη σε ευρώ ανά τόνο ισοδυνάμου CO2 που μειώνεται/δεσμεύεται:",
        "NetCost": "Καθαρό κόστος σε ευρώ ανά τόνο ισοδυνάμου CO2 που μειώνεται/δεσμεύεται:",
        "CostPerYear": "Απόλυτο κόστος ανά έτος σε ευρώ:",
        "BenefitPerYear": "Απόλυτο όφελος ανά έτος σε ευρώ:",
        "NetCostPerYear": "Καθαρό κόστος ανά έτος σε ευρώ:",
        "CostCalculatedYear": "Έτος για το οποίο έγινε ο υπολογισμός του κόστους:",
        "BenefitCalculatedYear": "Έτος για το οποίο έγινε ο υπολογισμός των οφελών:",
        "NetCostCalculatedYear": "Έτος για το οποίο έγινε ο υπολογισμός του καθαρού κόστους:",
        "CostReferenceYear": "Price reference year:",
        "CostDescription": "Περιγραφή των εκτιμήσεων κόστους (βάση για την εκτίμηση του κόστους, είδος εξόδων που περιλαμβάνονται στην εκτίμηση, μεθοδολογία):",
        "CostDocumentation": {
          "label": "Τεκμηρίωση/πηγή εκτίμησης του κόστους:",
          "Reference": "Αναφορά:",
          "Weblink": "Δικτυακός σύνδεσμος:"
        },
        "BenefitDescription": "Περιγραφή των εκτιμήσεων οφελών (βάση για την εκτίμηση των οφελών, είδος οφελών που περιλαμβάνονται στην εκτίμηση, μεθοδολογία):",
        "BenefitDocumentation": {
          "label": "Τεκμηρίωση/πηγή εκτίμησης των οφελών:",
          "Reference": "Αναφορά:",
          "Weblink": "Δικτυακός σύνδεσμος:"
        }
      }
    }
  }
}