{
  "Labels": {
    "Webform": {
      "CreatePam": "Create new PAM",
      "Title": "Monitoring Mechanism Regulation",
      "TitlePlaceholder": "Enter Title",
      "Annex": "ALLEGATO XI",
      "Add": "Add",
      "AddPam": "Add PAM",
      "Loading": "Loading...",
      "Complete": "Complete PAM/Group"
    },
    "Overview": {
      "Group": "Policy/measure, or groups of measures",
      "Title": "Title",
      "Table1": "Tabella 1: Settori e gas per la comunicazione in materia di politiche e misure e gruppi di misure, e tipo di strumento strategico",
      "Table2": "Tabella 2: Risultati disponibili delle valutazioni ex ante e ex post degli effetti delle singole politiche e misure o di gruppi di politiche e misure sulla mitigazione dei cambiamenti climatici",
      "Table3": "Tabella 3: Costi e benefici previsti ed effettivi di ciascuna politica e misura o dei gruppi di politiche e misure relative alla mitigazione dei cambiamenti climatici",
      "new_table": "Create Table",
      "edit_table": "Edit Table",
      "delete_pam": "Delete"
    },
    "Table1": {
      "Title": "Title for this PAM/Group",
      "isGroup": {
        "label": "Is this a single policy/measure or a group of policies or measures?",
        "placeholder": "teeest",
        "list": {
          "single": "Single",
          "group": "Group"
        }
      },
      "PolicyGroup": {
        "label": "Which policies or measures does it cover?"
      },
      "Sectors": {
        "label": "Settore/settori interessati:",
        "placeholder": "Select Sector(s)",
        "list": {
          "Energy_Supply": "Approvvigionamento energetico (comprendente l'estrazione, il trasporto, la distribuzione e lo stoccaggio di combustibili e la produzione di energia e di elettricità)",
          "Energy_Consumption": "Il consumo energetico (comprendente il consumo di combustibili ed elettricità da parte di utenti finali, quali usi domestici, servizi, industria e agricoltura)",
          "Transport": "Trasporti",
          "Industrial_Processes": "Processi industriali (ivi comprese attività industriali che trasformano fisicamente e chimicamente materiali che generano emissioni di gas serra, utilizzo di gas serra in prodotti e utilizzi non energetici del carbonio proveniente da combustibili fossili)",
          "Agriculture": "Agricoltura",
          "LULUCF": "Destinazione dei suoli, cambiamento della destinazione dei suoli e silvicoltura",
          "Waste": "Gestione dei rifiuti/rifiuti",
          "Cross-cutting": "Attività trasversali",
          "Other": "Altri settori"
        },
        "shortlist": {
          "Energy_Supply": "Approvvigionamento energetico",
          "Energy_Consumption": "Il consumo energetico",
          "Transport": "Trasporti",
          "Industrial_Processes": "Processi industriali",
          "Agriculture": "Agricoltura",
          "LULUCF": "Destinazione dei suoli, cambiamento della destinazione dei suoli e silvicoltura",
          "Waste": "Gestione dei rifiuti/rifiuti",
          "Cross-cutting": "Attività trasversali",
          "Other": "Altri settori"
        }
      },
      "GreenhouseGases": {
        "label": "Greenhouse gas(es) affected:",
        "placeholder": "Select Gas(es)",
        "list": {
          "CO2": "Biossido di carbonio (CO2)",
          "CH4": "Metano (CH4)",
          "N2O": "Protossido di azoto  (N2O)",
          "HFC": "Idrofluorocarburi(HFC)",
          "PFC": "Perfluorocarburi (PFC)",
          "SF6": "Esafluoruro di zolfo (SF6)",
          "NF3": "Trifluoruro di azoto (NF3)"
        }
      },
      "Objective": {
        "label": "Obiettivo:",
        "placeholder": "Select Objective",
        "select": "Select Objective",
        "list": {
          "ES_renewable": "Aumento delle energie rinnovabili",
          "ES_Fuels_witch": "Switch to less carbon-intensive fuels",
          "ES_nuclear": "Enhanced non-renewable low carbon generation (nuclear)",
          "ES_loss_reduction": "Riduzione delle perdite",
          "ES_efficiency": "miglioramento dell'efficienza nel settore energetico e della trasformazione",
          "ES_CSS": "Cattura e stoccaggio del carbonio",
          "ES_fugitive_emissions": "Controllo delle emissioni fuggitive della produzione di energia",
          "ES_other": "Altre fonti di approvvigionamento energetico",
		  
          "EC_efficiency_buildings": "Miglioramento dell'efficienza energetica degli edifici",
          "EC_efficiency_appliances": "Miglioramento dell'efficienza energetica degli apparecchi",
          "EC_efficiency_services": "Miglioramento dell'efficienza nei servizi/settore terziario",
          "EC_efficiency_industry": "Miglioramento dell'efficienza energetica nei settori industriali (consumo finale)",
          "EC_demand_reduction": "Gestione/riduzione della domanda",
          "EC_other": "Consumo energetico di altro tipo",
		  
          "TR_vehicle_efficiency": "Miglioramento dell'efficienza energetica dei veicoli",
          "TR_modal_shift": "Passaggio verso trasporti pubblici o trasporti non motorizzati",
          "TR_electric_cars": "Combustibili a basso tenore di carbonio/veicoli elettrici",
          "TR_demand_reduction": "Gestione/riduzione della domanda",
          "TR_improved_behaviour": "Miglioramento dei comportamenti",
          "TR_improved_infrastructure": "Miglioramento dell'infrastruttura di trasporto",
          "TR_other": "Altri trasporti",
		  
          "IP_abatement_technologies": "Installazione di tecnologie di abbattimento delle emissioni",
          "IP_F-gas_reduction": "Riduzione delle emissioni di gas fluorurati",
          "IP_F-gas_replacement": "Sostituzione dei gas fluorurati con altre sostanze",
          "IP_fugitive_emissions_control": "Miglioramento del controllo delle emissioni fuggitive derivanti dai processi industriali",
          "IP_other": "Altri processi industriali",
		  
          "WA_demand_reduction": "Gestione/riduzione della domanda",
          "WA_Recycling": "Rafforzamento del riciclaggio",
          "WA_Methane_collection": "Miglioramento della raccolta e dell'uso del CH4",
          "WA_improved_treatment": "Migliori tecnologie di trattamento",
          "WA_improved_landfill_management": "Migliore gestione delle discariche",
          "WA_waste_to_energy": "Incenerimento dei rifiuti con utilizzo di energia",
          "WA_wastewater": "Miglioramento dei sistemi di gestione delle acque reflue",
          "WA_reduced_landfilling": "Minor ricorso alla messa in discarica",
          "WA_other": "Altri rifiuti",
		  
          "AG_Fertilizer_use": "Riduzione dell'uso di fertilizzanti/letame sui terreni coltivati",
          "AG_cropland_management": "Altre attività che migliorano la gestione dei terreni coltivati",
          "AG_livestock_management": "Miglioramento della gestione del bestiame",
          "AG_animal_waste": "Miglioramento dei sistemi di gestione dei rifiuti animali",
          "AG_grazing_land_or_grassland": "Attività che migliorano la gestione dei terreni destinati a pascolo e dei prati",
          "AG_organic_soils": "Miglioramento della gestione dei suoli agricoli organici",
          "AG_other": "Altri attività agricole",
		  
          "LULUCF_afforestation_reforestation": "Afforestazione e riforestazione",
          "LULUCF_carbon_conservation": "Conservazione del carbonio delle foreste esistenti",
          "LULUCF_forest_production": "Rafforzamento della produzione nelle foreste esistenti",
          "LULUCF_hwp_pool": "Ampliamento del bacino di prodotti ottenuti dall'estrazione del legno",
          "LULUCF_forest_management": "Miglioramento della gestione delle foreste",
          "LULUCF_deforestation_prevention": "Prevenzione della deforestazione",
          "LULUCF_protection_against_natural_disturbances": "Rafforzamento della protezione contro le perturbazioni naturali",
          "LULUCF_substitution_with_HWP": "Sostituzione delle materie prime dei materiali ad elevata intensità di gas-serra con prodotti ottenuti dall'estrazione del legno",
          "LULUCF_wetlands": "Prevenzione del drenaggio e della riumidificazione delle zone umide",
          "LULUCF_degraded_lands": "Ripristino dei terreni degradati",
          "LULUCF_other": "Altre attività LULUCF",
		  
          "CC_framework": "Politica quadro",
          "CC_multi-sectoral": "Politica multisettoriale",
          "CC_other": "Altre attività trasversali"
        }
      },
      "ObjectiveOther": {
        "label": "Other objectives list",
        "sectors": "Select sector",
        "text": "Objective Name",
        "remove": "Remove objective"
      },
      "ObjectiveQuantified": {
        "label": "Obiettivo quantificato",
        "placeholder": "Obiettivo quantificato"
      },
      "Description": {
        "label": "Breve descrizione:",
        "placeholder": "Type Description"
      },
      "isEnvisaged": {
        "label": "Is the policy or measure envisaged with a view to limiting GHG emissions beyond the Member State commitments under Decision No 406/2009/EC?",
        "list": {
          "yes": "Yes",
          "no": "No"
        }
      },
      "PolicyInstrument": {
        "label": "Tipo di strumento strategico:",
        "placeholder": "Select Policy Instrument",
        "list": {
          "Economic": "Economica;",
          "Fiscal": "Fiscale",
          "Voluntary": "Accordi volontari/negoziati",
          "Regulatory": "Regolamentare",
          "Information": "Informazioni",
          "Education": "Istruzione",
          "Research": "Ricerca",
          "Planning": "Pianificazione",
          "Other": "Altro"
        }
      },
      "UnionPolicy": {
        "label": "Politica dell'Unione che è sfociata nell'attuazione della politica/misura:",
        "other": "Enter other Union Policy",
        "related": "Related",
        "not_related": "Non related",
        "list": {
          "ETS_directive": "EU ETS directive 2003/87/EC as  amended by Directive 2008/101/EC and Directive 2009/29/EC and implementing legislation, in particular 2010/2/EU, 2011/278/EU and 2011/638/EU",
          "Effort_Sharing_Decision": "Effort Sharing Decision 406/2009/EC",
          "RES_directive": "RES directive 2009/28/EC",
          "CO2_and_cars_and_vans_regulations": "Regulation on CO2 from cars and vans (2009/443/EC and no. 510/2011)",
          "Recast_of_EPBD": "Recast of the Energy Performance of Buildings Directive (Directive 2010/31/EU)",
          "Eco-design_Labelling_directives": "Eco-design framework directive 2005/32/EC and its implementing regulations, combined with Labelling Directive 2003/66/EC and 2010/30/EC, including implementing measures (1)",
          "F-gas_Regulation": "F-gas Regulation 2006/842/EC",
          "Motor_Vehicles_Directive": "Motor Vehicles Directive 2006/40/EC",
          "Geological_storage": "Directive on the geological storage of CO2 2009/31/EC",
          "Cogeneration_Directive": "Cogeneration Directive 2004/8/EC",
          "End-use_and_energy_services": "Directive 2006/32/EC on end-use energy efficiency and energy services",
          "Energy_Star_Program": "Energy Star Program",
          "Internal_energy_market": "Completion of the internal energy market (including provisions of the 3d package)",
          "Energy_Taxation_Directive": " Energy Taxation Directive 2003/96/EC",
          "IED": "Industrial emissions Directive 2010/75/EU (Recast of IPPC Directive 2008/1/EC and Large Combustion Plant Directive 2001/80/EC)",
          "NEC": "Directive on national emissions' ceilings for certain pollutants 2001/81/EC",
          "Water_Framework": "Water Framework Directive 2000/60/EC",
          "EURO_5_and_6": "Regulation EURO 5 and 6 2007/715/EC",
          "Euro_6_for_HDV": "Regulation Euro VI for heavy duty vehicles 2009/595/EC",
          "FQD": "Fuel Quality Directive 2009/30/EC",
          "Biofuels_directive": "Biofuels directive 2003/30/EC",
          "Landfill_Directive": "Landfill Directive 1999/31/EC",
          "Waste_Directive": "Waste Directive 2006/12/EC",
          "Waste_Management_Framework_Directive": "Waste Management Framework Directive 2008/98/EC",
          "Nitrate_Directive": "Nitrate Directive 1991/676/EEC",
          "CAP_Reform": "Common Agricultural Policy (CAP) Reform 2006/144/EC",
          "CAP_Health_Check_and_Set_aside": "CAP “Health Check” 2008 and the “Set aside” regulation 73/2009",
          "Eurovignette_Directive": "Eurovignette Directive on road infrastructure charging 2011/76/EU",
          "Clean_and_Energy_Efficient_Vehicles": "Directive on the Promotion of Clean and Energy Efficient Road Transport Vehicles 2009/33/EC",
          "Other_EU": "Other (Union policy not listed above or additional Union policy)",
          "Non_EU-related_PAM": "PAM not related to Union policies"
        }
      },
      "ImplementationStatus": {
        "label": "Stato di attuazione:",
        "list": {
          "Planned": "Prevista; adottata; attuata; non più in vigore.",
          "Adopted": "Adottata",
          "Implemented": "Attuata",
          "Expired": "Non più in vigore (solo se hanno un impatto o si presume che continuino ad avere un impatto sulle emissioni di gas a effetto serra)"
        }
      },
      "ImplementationPeriod": {
        "label": "Periodo di attuazione:",
        "start": "Inizio",
        "finish": "Fine"
      },
      "ProjectionsScenario": {
        "label": "Scenario di proiezioni tenendo conto della politica/misura:",
        "list": {
          "WEM": "With existing measures",
          "WAM": "With additional measures"
        }
      },
      "Entities": {
        "label": "Soggetti responsabili dell'attuazione della politica:",
        "addMore": "Add Entity",
        "remove": "Remove Entity",
        "current": "Current entity list",
        "type": "Entity type",
        "name": "Entity name:",
        "list": {
          "Government": "Governo nazionale",
          "Regional": "Enti regionali",
          "Local": "Sedi periferiche del governo",
          "Companies": "Imprese/aziende/associazioni industriali",
          "Research": "Istituti di ricerca",
          "Other": "Altri soggetti non elencati"
        }
      },
      "Indicators": {
        "label": "Indicatori utilizzati per monitorare e valutare i progressi compiuti nel corso del tempo (ex ante o ex post):",
        "current": "Current Indicators list",
        "addMore": "Add More",
        "remove": "Remove Indicator",
        "desc": "Descrizione",
        "Year": "Anno",
        "Value": "Value"
      },
      "Reference": {
        "label": "Riferimento alle valutazioni e relazioni tecniche di base:",
        "Text": "Riferimento",
        "Url": "URL:"
      },
      "Comments": {
        "label": "Osservazioni generali:"
      }
    },
    "Table2": {
      "PAM": {
        "label": "Group of policies and measures:"
      },
      "PolicyImpact": {
        "label": "Politica che incide sulle emissioni nell'ambito dell'ETS UE o dell'ESD:",
        "EU_ETS": "Sistema ETS dell'UE",
        "ESD": "ESD",
        "LULUCF": "Destinazione dei suoli, cambiamento della destinazione dei suoli e silvicoltura",
        "Total": "Totale"
      },
      "Exante": {
        "Title": "Valutazione ex ante"
      },
      "ExanteEmissions": {
        "label": "GHG emissions reductions for year:"
      },
      "Expost": {
        "Title": "Valutazione ex post",
        "Year": "Anno cui si applica la riduzione:",
        "Average": "Riduzione media delle emissioni:",
        "remove": "Remove Entry"
      },
      "ExpostEmissions": {
        "label": "Riduzioni delle emissioni di gas serra(kt di CO2 equivalente per anno):"
      },
      "BasisExplanation": {
        "label": "Spiegazione della base del calcolo della mitigazione stimata:"
      },
      "AffectedFactors": {
        "label": "Fattori interessati dalla politica/dalla misura:"
      },
      "Documentation": {
        "label": "Documentazione/fonte della stima, se disponibile:",
        "Reference": "Riferimento:",
        "Weblink": "Weblink:"
      }
    },
    "Table3": {
      "PAM": {
        "label": "Group of policies and measures:"
      },
      "Costs": {
        "Projected": "Costi e benefici previsti",
        "Realised": "Costi e benefici effettivi",
        "CostType": "Cost ",
        "BenefitType": "Benefit ",
        "NetCostType": "Net cost ",
        "CostReduced": "Costi in EUR per tonnellata di CO2eq ridotto/catturato:",
        "Benefit": "Benefits in EUR per tonne CO2eq reduced/ sequestered:",
        "NetCost": "Net costs in EUR per tonne CO2eq reduced/ sequestered:",
        "CostPerYear": "Costi assoluti per anno in EUR:",
        "BenefitPerYear": "Absolute benefit per year in EUR:",
        "NetCostPerYear": "Net Cost per year in EUR:",
        "CostCalculatedYear": "Year for which cost has been calculated:",
        "BenefitCalculatedYear": "Year for which benefits has been calculated:",
        "NetCostCalculatedYear": "Year for which net cost has been calculated:",
        "CostReferenceYear": "Price reference year:",
        "CostDescription": "Descrizione delle stime dei costi (base della stima dei costi, tipo di costi inclusi nella stima, metodologia):",
        "CostDocumentation": {
          "label": "Documentazione/fonte della stima dei costi:",
          "Reference": "Riferimento:",
          "Weblink": "Weblink:"
        },
        "BenefitDescription": "Description of benefit estimates (basis for benefit estimate, what type of benefits are included in the estimate, methodology):",
        "BenefitDocumentation": {
          "label": "Documentation/ Source of benefit estimation:",
          "Reference": "Riferimento:",
          "Weblink": "Weblink:"
        }
      }
    }
  }
}