{
  "Labels": {
    "Webform": {
      "CreatePam": "Create new PAM",
      "Title": "Monitoring Mechanism Regulation",
      "TitlePlaceholder": "Enter Title",
      "Annex": "ANNESS XI",
      "Add": "Add",
      "AddPam": "Add PAM",
      "Loading": "Loading...",
      "Complete": "Complete PAM/Group"
    },
    "Overview": {
      "Group": "Policy/measure, or groups of measures",
      "Title": "Title",
      "Table1": "Tabella 1: Setturi u gassijiet għar-rapportar dwar politiki u miżuri u gruppi ta' miżuri, u t-tip ta' strument tal-politika",
      "Table2": "Tabella 2: Ir-riżultati disponibbli tal-valutazzjonijiet ex-ante u ex-post tal-effetti ta' politiki u miżuri individwali jew gruppi tagħhom dwar il-mitigazzjoni tat-tibdil fil-klima",
      "Table3": "Tabella 3: L-ispejjeż u l-benefiċċji projettati u realizzati disponibbli ta' politiki u miżuri individwali jew gruppi tagħhom dwar il-mitigazzjoni tat-tibdil fil-klima",
      "new_table": "Create Table",
      "edit_table": "Edit Table",
      "delete_pam": "Delete"
    },
    "Table1": {
      "Title": "Title for this PAM/Group",
      "isGroup": {
        "label": "Is this a single policy/measure or a group of policies or measures?",
        "placeholder": "teeest",
        "list": {
          "single": "Single",
          "group": "Group"
        }
      },
      "PolicyGroup": {
        "label": "Which policies or measures does it cover?"
      },
      "Sectors": {
        "label": "is-settur(i) affettwat(i):",
        "placeholder": "Select Sector(s)",
        "list": {
          "Energy_Supply": "Il-provdiment tal-enerġija (li jinkludi l-estrazzjoni, it-trażmissjoni, id-distribuzzjoni, u l-ħżin tal-karburanti kif ukoll il-produzzjoni tal-enerġija u l-elettriku)",
          "Energy_Consumption": "Il-konsum tal-enerġija (li jinkludi l-konsum tal-karburanti u l-elettriku mill-utenti finali bħall-unitajiet domestiċi, is-servizzi, l-industrija u l-agrikoltura)",
          "Transport": "It-trasport",
          "Industrial_Processes": "u l-proċessi industrijali (li jinkludu l-attivitajiet industrijali li jittrasformaw il-materjali kimikament jew fiżikament u li joħolqu emissjonijiet tal-gassijiet serra, l-użu tal-gassijiet serra fil-prodotti u l-użi mhux tal-enerġija tal-karbonju tal-karburanti fossili)",
          "Agriculture": "L-agrikoltura",
          "LULUCF": " l-użu tal-art, il-bidliet fl-użu tal-art u l-forestrija",
          "Waste": "Il-ġestjoni tal-iskart u l-iskart",
          "Cross-cutting": "Is-settur trażversali",
          "Other": "Setturi oħrajn"
        },
        "shortlist": {
          "Energy_Supply": "Il-provdiment tal-enerġija ",
          "Energy_Consumption": "Il-konsum tal-enerġija",
          "Transport": "It-trasport",
          "Industrial_Processes": "u l-proċessi industrijali",
          "Agriculture": "L-agrikoltura",
          "LULUCF": "l-użu tal-art, il-bidliet fl-użu tal-art u l-forestrija",
          "Waste": "Il-ġestjoni tal-iskart u l-iskart",
          "Cross-cutting": "Is-settur trażversali",
          "Other": "Setturi oħrajn"
        }
      },
      "GreenhouseGases": {
        "label": "Greenhouse gas(es) affected:",
        "placeholder": "Select Gas(es)",
        "list": {
          "CO2": "Id-diossidu tal-karbonju (CO2)",
          "CH4": "Ll-metan (CH4)",
          "N2O": "L-ossidu nitruż (N2O)",
          "HFC": "L-idrofluworokarburi (HFC)",
          "PFC": "Perfluworokarburi (PFC)",
          "SF6": "L-eżafluworur tal-kubrit (SF6)",
          "NF3": "It-trifluworur tan-nitroġenu (NF3)"
        }
      },
      "Objective": {
        "label": "Għan:",
        "placeholder": "Select Objective",
        "select": "Select Objective",
        "list": {
          "ES_renewable": "żieda fl-enerġija rinnovabbli",
          "ES_Fuels_witch": "Bidla għal karburanti b'intensità inqas qawwija tal-karbonju",
          "ES_nuclear": "Bidla għal karburanti b'intensità inqas qawwija tal-karbonju",
          "ES_loss_reduction": "Inqas telf",
          "ES_efficiency": "itjib fl-effiċjenza fis-setturi tal-enerġija u tat-trasformazzjoni",
          "ES_CSS": "itjib fl-effiċjenza fis-setturi tal-enerġija u tat-trasformazzjoni",
          "ES_fugitive_emissions": "Kontroll tal-emissjonijiet li jaħarbu mill-produzzjoni tal-enerġija",
          "ES_other": "Provdiment ieħor tal-enerġija",
          "EC_efficiency_buildings": "Titjib fl-effiċjenza għall-binjiet",
          "EC_efficiency_appliances": "Titjib fl-effiċjenza għat-tagħmir domestiku",
          "EC_efficiency_services": "Titjib fl-effiċjenza fis-servizzi/settur terzjarju",
          "EC_efficiency_industry": "Titjib fl-effiċjenza fis-setturi industrijali tal-utenti finali",
          "EC_demand_reduction": "ġestjoni/tnaqqis tad-domanda",
          "EC_other": "Konsum ieħor tal-enerġija",
          "TR_vehicle_efficiency": "Titjib fl-effiċjenza għall-vetturi",
          "TR_modal_shift": "Bidla pass pass għal trasport pubbliku jew trasport mhux motorizzat",
          "TR_electric_cars": "Karburanti b'livell baxx ta' karbonju/karozzi elettriċi",
          "TR_demand_reduction": "ġestjoni/tnaqqis tad-domanda",
          "TR_improved_behaviour": "Imġiba aħjar",
          "TR_improved_infrastructure": "Infrastruttura tat-trasport aħjar",
          "TR_other": "Trasport ieħor",
          "IP_abatement_technologies": "Installazzjoni ta' teknoloġiji li ma jaħlux",
          "IP_F-gas_reduction": "Inqas emissjonijiet ta' gassijiet fluworurati",
          "IP_F-gas_replacement": "Il-bidla tal-gassijiet fluworurati b'sustanzi oħra",
          "IP_fugitive_emissions_control": "Kontroll aħjar tal-emissjonijiet li jaħarbu mill-proċessi industrijali",
          "IP_other": "Proċessi industrijali oħra",
          "WA_demand_reduction": "ġestjoni/tnaqqis tad-domanda",
          "WA_Recycling": "Riċiklaġġ aħjar",
          "WA_Methane_collection": "ġbir u użu aħjar tas-CH4",
          "WA_improved_treatment": "Teknoloġiji aħjar tat-trattament",
          "WA_improved_landfill_management": "ġestjoni aħjar tal-miżbliet",
          "WA_waste_to_energy": "Inċinerazzjoni tal-iskart bl-użu tal-enerġija",
          "WA_wastewater": "Sistemi aħjar tal-ġestjoni tal-ilma mormi",
          "WA_reduced_landfilling": "Inqas rimi fil-miżbla",
          "WA_other": "Skart ieħor",
          "AG_Fertilizer_use": "Inqas użu ta' fertilizzanti/demel fl-artijiet tal-għelejjel",
          "AG_cropland_management": "Attivitajiet oħra li jtejbu s-sistemi tal-ġestjoni tal-artijiet tal-għelejjel",
          "AG_livestock_management": "Tal-ġestjoni tal-bhejjem",
          "AG_animal_waste": "Tal-ġestjoni tal-bhejjem u tal-ġestjoni tal-ħmieġ tal-annimali",
          "AG_grazing_land_or_grassland": "Attivitajiet li jtejbu l-ġestjoni tal-mergħat jew tal-bwar",
          "AG_organic_soils": ""U l-ġestjoni tal-ħamrija organika",
          "AG_other": "Agrikoltura oħra",
          "LULUCF_afforestation_reforestation": "Afforestazzjoni u riforestazzjoni",
          "LULUCF_carbon_conservation": "Konservazzjoni tal-karbonju fil-foresti eżistenti",
          "LULUCF_forest_production": "Produzzjoni aħjar fil-foresti eżistenti",
          "LULUCF_hwp_pool": "żieda fl-għadd ta' prodotti tal-injam maħsuda",
          "LULUCF_forest_management": "ġestjoni aħjar tal-foresti",
          "LULUCF_deforestation_prevention": "Prevenzjoni tad-diforestazzjoni",
          "LULUCF_protection_against_natural_disturbances": "Aktar protezzjoni mid-disturbi naturali",
          "LULUCF_substitution_with_HWP": "l-għalf u l-materjali intensivi bil-gassijiet serra jinbidlu bi prodotti tal-injam maħsuda",
          "LULUCF_wetlands": "Il-prevenzjoni mill-ixxottar u t-tixrib mill-ġdid tal-art mistagħdra",
          "LULUCF_degraded_lands": "Ir-restawr ta' artijiet degradati",
          "LULUCF_other": "LULUCF Oħra",
          "CC_framework": "qafas ta' politika",
          "CC_multi-sectoral": "politika multi-settorjali",
          "CC_other": "politika trażversali oħra"
        }
      },
      "ObjectiveOther": {
        "label": "Other objectives list",
        "sectors": "Select sector",
        "text": "Objective Name",
        "remove": "Remove objective"
      },
      "ObjectiveQuantified": {
        "label": "Għan kwantifikat",
        "placeholder": "Għan kwantifikat"
      },
      "Description": {
        "label": "Short description:",
        "placeholder": "Type Description"
      },
      "isEnvisaged": {
        "label": "Is the policy or measure envisaged with a view to limiting GHG emissions beyond the Member State commitments under Decision No 406/2009/EC?",
        "list": {
          "yes": "Yes",
          "no": "No"
        }
      },
      "PolicyInstrument": {
        "label": "Tip ta' strument tal-politika:",
        "placeholder": "Select Policy Instrument",
        "list": {
          "Economic": "Ekonomika",
          "Fiscal": "Fiskali",
          "Voluntary": "Ftehimiet volontarji/negozjati",
          "Regulatory": "Regolatorja",
          "Information": "Tal-informazzjoni",
          "Education": "Tal-edukazzjoni",
          "Research": "Tar-riċerka",
          "Planning": "Tal-ippjanar",
          "Other": "Oħra"
        }
      },
      "UnionPolicy": {
        "label": "Il-politika tal-Unjoni li toħroġ mill-implimentazzjoni tal-PAM:",
        "other": "Enter other Union Policy",
        "related": "Related",
        "not_related": "Non related",
        "list": {
          "ETS_directive": "EU ETS directive 2003/87/EC as  amended by Directive 2008/101/EC and Directive 2009/29/EC and implementing legislation, in particular 2010/2/EU, 2011/278/EU and 2011/638/EU",
          "Effort_Sharing_Decision": "Effort Sharing Decision 406/2009/EC",
          "RES_directive": "RES directive 2009/28/EC",
          "CO2_and_cars_and_vans_regulations": "Regulation on CO2 from cars and vans (2009/443/EC and no. 510/2011)",
          "Recast_of_EPBD": "Recast of the Energy Performance of Buildings Directive (Directive 2010/31/EU)",
          "Eco-design_Labelling_directives": "Eco-design framework directive 2005/32/EC and its implementing regulations, combined with Labelling Directive 2003/66/EC and 2010/30/EC, including implementing measures (1)",
          "F-gas_Regulation": "F-gas Regulation 2006/842/EC",
          "Motor_Vehicles_Directive": "Motor Vehicles Directive 2006/40/EC",
          "Geological_storage": "Directive on the geological storage of CO2 2009/31/EC",
          "Cogeneration_Directive": "Cogeneration Directive 2004/8/EC",
          "End-use_and_energy_services": "Directive 2006/32/EC on end-use energy efficiency and energy services",
          "Energy_Star_Program": "Energy Star Program",
          "Internal_energy_market": "Completion of the internal energy market (including provisions of the 3d package)",
          "Energy_Taxation_Directive": " Energy Taxation Directive 2003/96/EC",
          "IED": "Industrial emissions Directive 2010/75/EU (Recast of IPPC Directive 2008/1/EC and Large Combustion Plant Directive 2001/80/EC)",
          "NEC": "Directive on national emissions' ceilings for certain pollutants 2001/81/EC",
          "Water_Framework": "Water Framework Directive 2000/60/EC",
          "EURO_5_and_6": "Regulation EURO 5 and 6 2007/715/EC",
          "Euro_6_for_HDV": "Regulation Euro VI for heavy duty vehicles 2009/595/EC",
          "FQD": "Fuel Quality Directive 2009/30/EC",
          "Biofuels_directive": "Biofuels directive 2003/30/EC",
          "Landfill_Directive": "Landfill Directive 1999/31/EC",
          "Waste_Directive": "Waste Directive 2006/12/EC",
          "Waste_Management_Framework_Directive": "Waste Management Framework Directive 2008/98/EC",
          "Nitrate_Directive": "Nitrate Directive 1991/676/EEC",
          "CAP_Reform": "Common Agricultural Policy (CAP) Reform 2006/144/EC",
          "CAP_Health_Check_and_Set_aside": "CAP “Health Check” 2008 and the “Set aside” regulation 73/2009",
          "Eurovignette_Directive": "Eurovignette Directive on road infrastructure charging 2011/76/EU",
          "Clean_and_Energy_Efficient_Vehicles": "Directive on the Promotion of Clean and Energy Efficient Road Transport Vehicles 2009/33/EC",
          "Other_EU": "Other (Union policy not listed above or additional Union policy)",
          "Non_EU-related_PAM": "PAM not related to Union policies"
        }
      },
      "ImplementationStatus": {
        "label": "Il-qagħda tal-implimentazzjoni:",
        "list": {
          "Planned": "Ippjanata",
          "Adopted": "Adottata",
          "Implemented": "Implimentata",
          "Expired": "Skaduta (il-politiki u l-miżuri skaduti għandhom jiġu rrappurtati fil-mudell biss jekk dawn iħallu effett, jew mistennija jibqgħu jħallu effett, fuq l-emissjonijiet tal-gassijiet serra"
        }
      },
      "ImplementationPeriod": {
        "label": "Il-perjodu tal-implimentazzjoni:",
        "start": "Bidu",
        "finish": "Tmiem"
      },
      "ProjectionsScenario": {
        "label": "Xenarju bil-projezzjonijiet li jinkludi l-PAM:",
        "list": {
          "WEM": "With existing measures",
          "WAM": "With additional measures"
        }
      },
      "Entities": {
        "label": "Entitajiet responsabbli għall-iimplimentazzjoni tal-politika:",
        "addMore": "Add Entity",
        "remove": "Remove Entity",
        "current": "Current entity list",
        "type": "Entity type",
        "name": "Entity name:",
        "list": {
          "Government": "Gvern nazzjonali",
          "Regional": "Entitajiet reġjonali",
          "Local": "Gvern lokali",
          "Companies": "Kumpaniji/negozji/assoċjazzjonijiet industrijali",
          "Research": "Istituzzjonijiet tar-riċerka",
          "Other": "Oħrajn mhux imniżżla"
        }
      },
      "Indicators": {
        "label": "L-indikaturi użati għall-monitoraġġ u l-evalwazzjoni tal-progress matul iż-żmien:",
        "current": "Current Indicators list",
        "addMore": "Add More",
        "remove": "Remove Indicator",
        "desc": "Deskrizzjoni",
        "Year": "Sena",
        "Value": "Value"
      },
      "Reference": {
        "label": "Referenza għal valutazzjonijiet u rapporti tekniċi ta' sostenn:",
        "Text": "Reference",
        "Url": "URL:"
      },
      "Comments": {
        "label": "Kummenti ġenerali:"
      }
    },
    "Table2": {
      "PAM": {
        "label": "Group of policies and measures:"
      },
      "PolicyImpact": {
        "label": "Politika li tħalli impatt fuq l-emissjonijiet ETS jew ESD tal-UE:",
        "EU_ETS": "L-ETS tal-UE",
        "ESD": "L-ESD",
        "LULUCF": "l-użu tal-art, il-bidliet fl-użu tal-art u l-forestrija",
        "Total": "Total"
      },
      "Exante": {
        "Title": "Valutazzjoni ex-ante"
      },
      "ExanteEmissions": {
        "label": "GHG emissions reductions for year:"
      },
      "Expost": {
        "Title": "Valutazzjoni ex-post",
        "Year": "Is-sena meta japplika t-tnaqqis:",
        "Average": "Tnaqqis medju fl-emissjonijiet :",
        "remove": "Remove Entry"
      },
      "ExpostEmissions": {
        "label": "GHG emissions reductions (kt CO2-equivalent per year):"
      },
      "BasisExplanation": {
        "label": "Spjegazzjoni tal-bażi għall-istimi tal-mitigazzjoni:"
      },
      "AffectedFactors": {
        "label": "Il-fatturi affettwati mill-PAM:"
      },
      "Documentation": {
        "label": "Id-dokumentazzjoni/sors ta' stima, jekk disponibbli:",
        "Reference": "Reference:",
        "Weblink": "Weblink:"
      }
    },
    "Table3": {
      "PAM": {
        "label": "Group of policies and measures:"
      },
      "Costs": {
        "Projected": "L-ispejjeż u l-benefiċċji projettati",
        "Realised": "L-ispejjeż u l-benefiċċji projettati",
        "CostType": "Cost ",
        "BenefitType": "Benefit ",
        "NetCostType": "Net cost ",
        "CostReduced": "L-ispejjeż f'EUR għal kull tunnellata ta' CO2eq imnaqqas/sekwestrat:",
        "Benefit": "Benefits in EUR per tonne CO2eq reduced/ sequestered:",
        "NetCost": "Net costs in EUR per tonne CO2eq reduced/ sequestered:",
        "CostPerYear": "L-ispejjeż assoluti f'EUR għal kull sena:",
        "BenefitPerYear": "Absolute benefit per year in EUR:",
        "NetCostPerYear": "Net Cost per year in EUR:",
        "CostCalculatedYear": "Year for which cost has been calculated:",
        "BenefitCalculatedYear": "Year for which benefits has been calculated:",
        "NetCostCalculatedYear": "Year for which net cost has been calculated:",
        "CostReferenceYear": "Price reference year:",
        "CostDescription": "Deskrizzjoni tal-istimi tal-ispejjeż (bażi għall-istima tal-ispejjeż, x'tip ta' spejjeż huma inklużi fl-istima, il-metodoloġija):",
        "CostDocumentation": {
          "label": "Documentation/Source of cost estimation:",
          "Reference": "Reference:",
          "Weblink": "Weblink:"
        },
        "BenefitDescription": "Description of benefit estimates (basis for benefit estimate, what type of benefits are included in the estimate, methodology):",
        "BenefitDocumentation": {
          "label": "Documentation/ Source of benefit estimation:",
          "Reference": "Reference:",
          "Weblink": "Weblink:"
        }
      }
    }
  }
}