{
  "Labels": {
    "Webform": {
      "CreatePam": "Create new PAM",
      "Title": "Monitoring Mechanism Regulation",
      "TitlePlaceholder": "Enter Title",
      "Annex": "XI.MELLÉKLET",
      "Add": "Add",
      "AddPam": "Add PAM",
      "Loading": "Loading...",
      "Complete": "Complete PAM/Group"
    },
    "Overview": {
      "Group": "Policy/measure, or groups of measures",
      "Title": "Title",
      "Table1": "1. táblázat: A szakpolitikákról és intézkedésekről vagy intézkedéscsomagokról szóló jelentés tárgyát képező ágazatok és gázok, valamint a szakpolitikai eszköz típusa",
      "Table2": "2. táblázat: Az egyes szakpolitikák és intézkedések vagy az éghajlatváltozás mérséklésére létrejött a szakpolitika- és intézkedéscsomagok hatására vonatkozó előzetes és utólagos értékelések rendelkezésre álló eredményei",
      "Table3": "3. táblázat: Az egyes szakpolitikák és intézkedések vagy az éghajlatváltozás mérséklésére létrejött a szakpolitika- és intézkedéscsomagok rendelkezésre álló várható és tényleges költsége és haszna",
      "new_table": "Create Table",
      "edit_table": "Edit Table",
      "delete_pam": "Delete"
    },
    "Table1": {
      "Title": "Title for this PAM/Group",
      "isGroup": {
        "label": "Is this a single policy/measure or a group of policies or measures?",
        "placeholder": "teeest",
        "list": {
          "single": "Single",
          "group": "Group"
        }
      },
      "PolicyGroup": {
        "label": "Which policies or measures does it cover?"
      },
      "Sectors": {
        "label": "Érintett ágazat(ok):",
        "placeholder": "Select Sector(s)",
        "list": {
          "Energy_Supply": "Energiaellátás (tüzelőanyagok kitermelése, szállítása, elosztása és tárolása, valamint energia- és villamosenergia-termelés)",
          "Energy_Consumption": "Energiafogyasztás (tüzelőanyagok és villamos energia végfelhasználók – pl. háztartások, szolgáltatások, ipar, mezőgazdaság – általi fogyasztása)",
          "Transport": "Közlekedés",
          "Industrial_Processes": "Ipari eljárások (anyagok kémiai vagy fizikai tulajdonságait átalakító ipari tevékenységek, amelyek során ÜHG-kibocsátás történik, az ÜHG-k termékekben való felhasználása, fosszilis tüzelőanyagok nem energiacélú felhasználása)",
          "Agriculture": "Mezőgazdaság",
          "LULUCF": "Földhasználat, földhasználat-megváltoztatás és erdőgazdálkodás",
          "Waste": "Hulladékgazdálkodás/hulladék",
          "Cross-cutting": "Horizontális",
          "Other": "és egyéb ágazatok"
        },
        "shortlist": {
          "Energy_Supply": "Energiaellátás",
          "Energy_Consumption": "Energiafogyasztás",
          "Transport": "Közlekedés",
          "Industrial_Processes": "Ipari eljárások",
          "Agriculture": "Mezőgazdaság",
          "LULUCF": "Földhasználat, földhasználat-megváltoztatás és erdőgazdálkodás",
          "Waste": "Hulladékgazdálkodás/hulladék",
          "Cross-cutting": "Horizontális",
          "Other": "és egyéb ágazatok"
        }
      },
      "GreenhouseGases": {
        "label": "Greenhouse gas(es) affected:",
        "placeholder": "Select Gas(es)",
        "list": {
          "CO2": "Szén-dioxid (CO2)",
          "CH4": "Metán (CH4)",
          "N2O": "Dinitrogén-oxid (N2O)",	
          "HFC": "Fluorozott szénhidrogén (HFC)",
          "PFC": "Perfluor-karbonok (PFC)",
          "SF6": "Kén-hexafluorid (SF6)",
          "NF3": "Nitrogén-trifluorid (NF3)"
        }
      },
      "Objective": {
        "label": "Cél:",
        "placeholder": "Select Objective",
        "select": "Select Objective",
        "list": {
          "ES_renewable": "megújuló energiák részarányának növelése",
          "ES_Fuels_witch": "Alacsonyabb szén-dioxid-kibocsátású tüzelőanyagokra való áttérés",
          "ES_nuclear": "Nem megújuló alacsony szén-dioxid-kibocsátású (nukleáris) energiatermelés növelése",
          "ES_loss_reduction": "Veszteségek csökkentése",
          "ES_efficiency": "Hatékonyság javítása az energiaiparban és a közlekedési ágazatban",
          "ES_CSS": "Szén-dioxid-leválasztás és -tárolás",
          "ES_fugitive_emissions": "Az energiatermelésből származó illékony kibocsátások korlátozása",
          "ES_other": "Egyéb energiaellátási célok",
          "EC_efficiency_buildings": "épületek energiahatékonyságának növelése",
          "EC_efficiency_appliances": "Készülékek energiahatékonyságának növelése",
          "EC_efficiency_services": "Szolgáltatások és ipari végfelhasználók energiahatékonyságának növelése",
          "EC_efficiency_industry": "Keresletszabályozás",
          "EC_demand_reduction": "Keresletcsökkentés",
          "EC_other": "Egyéb energiafogyasztási célok",
          "TR_vehicle_efficiency": " Járművek hatékonyságának növelése",
          "TR_modal_shift": "Modális átállás a tömegközlekedésre vagy a motor nélküli közlekedési eszközökre",
          "TR_electric_cars": "Alacsony szén-dioxid-kibocsátású tüzelőanyagok/elektromos autók",
          "TR_demand_reduction": "Keresletszabályozás, keresletcsökkentés",
          "TR_improved_behaviour": "Fogyasztói attitűd javítása",
          "TR_improved_infrastructure": "Jobb közlekedési infrastruktúra",
          "TR_other": "Egyéb közlekedési célok	",
          "IP_abatement_technologies": "Megfelelő kibocsátáscsökkentési technológiák bevezetése",
          "IP_F-gas_reduction": "Fluortartalmú gázok kibocsátásainak csökkentése",
          "IP_F-gas_replacement": "Fluortartalmú gázok helyettesítése más anyagokkal",
          "IP_fugitive_emissions_control": "Az ipari eljárásokból származó illékony kibocsátások hatékonyabb korlátozása",
          "IP_other": "Ipari eljárásokkal kapcsolatos egyéb célok",
          "WA_demand_reduction": "Keresletszabályozás, keresletcsökkentés",
          "WA_Recycling": "Fokozottabb mértékű újrahasznosítás",
          "WA_Methane_collection": " Fokozottabb mértékű CH4-gyűjtés és -felhasználás",
          "WA_improved_treatment": "Jobb hulladékkezelési technológiák",
          "WA_improved_landfill_management": "Hatékonyabb szemétlerakóhely-üzemeltetés",
          "WA_waste_to_energy": "Energiahasznosítással járó hulladékégetés",
          "WA_wastewater": " Szennyvíz-gazdálkodási rendszerek javítása",
          "WA_reduced_landfilling": "Lerakott hulladékmennyiség csökkentése",
          "WA_other": "Egyéb hulladékgazdálkodási célok",
          "AG_Fertilizer_use": "Szántóföldi műtrágyázás/trágyázás mértékének csökkentése",
          "AG_cropland_management": "Other activities improving cropland management",
          "AG_livestock_management": "Improved livestock management",
          "AG_animal_waste": "állati eredetű hulladékok hatékonyabb kezelése",
          "AG_grazing_land_or_grassland": "A legelőgazdálkodás minőségét javító tevékenységek",
          "AG_organic_soils": "Szerves talajok hatékonyabb kezelése",
          "AG_other": "Egyéb mezőgazdasági célok",
          "LULUCF_afforestation_reforestation": "Erdősítés és újraerdősítés",
          "LULUCF_carbon_conservation": "A meglévő erdők széntartalmának megőrzése",
          "LULUCF_forest_production": "A meglévő erdők termőképességének fokozása",
          "LULUCF_hwp_pool": "A faipari termékek széntartalmának növelése",
          "LULUCF_forest_management": "Hatékonyabb erdőgazdálkodás",
          "LULUCF_deforestation_prevention": "Erdőirtás megelőzése",
          "LULUCF_protection_against_natural_disturbances": "A természetes bolygatásokkal szembeni védelem megerősítése",
          "LULUCF_substitution_with_HWP": "ÜHG-intenzív alapanyagok faipari termékekkel való helyettesítése",
          "LULUCF_wetlands": "Vizes élőhelyek lecsapolásának és elárasztásának megakadályozása",
          "LULUCF_degraded_lands": "Leromlott talajok helyreállítása",
          "LULUCF_other": "Egyéb LULUFC ágazati célok",
          "CC_framework": "Keretpolitika",
          "CC_multi-sectoral": "Több ágazatra kiterjedő politika",
          "CC_other": "Egyéb horizontális célok"
        }
      },
      "ObjectiveOther": {
        "label": "Other objectives list",
        "sectors": "Select sector",
        "text": "Objective Name",
        "remove": "Remove objective"
      },
      "ObjectiveQuantified": {
        "label": "Számszerűsített cél",
        "placeholder": "Számszerűsített cél "
      },
      "Description": {
        "label": "Rövid leírás:",
        "placeholder": "Type Description"
      },
      "isEnvisaged": {
        "label": "Is the policy or measure envisaged with a view to limiting GHG emissions beyond the Member State commitments under Decision No 406/2009/EC?",
        "list": {
          "yes": "Yes",
          "no": "No"
        }
      },
      "PolicyInstrument": {
        "label": "Szakpolitikai eszköz típusa:",
        "placeholder": "Select Policy Instrument",
        "list": {
          "Economic": "Gazdaság",
          "Fiscal": "Pénzügy",
          "Voluntary": "önkéntes/tárgyalásos megállapodások",
          "Regulatory": "Szabályozás",
          "Information": "Tájékoztatás",
          "Education": "Oktatás",
          "Research": "Kutatás",
          "Planning": "Tervezés",
          "Other": "Egyéb"
        }
      },
      "UnionPolicy": {
        "label": "Uniós politika, amely a szakpolitikához/intézkedéshez vezetett:",
        "other": "Enter other Union Policy",
        "related": "Related",
        "not_related": "Non related",
        "list": {
          "ETS_directive": "EU ETS directive 2003/87/EC as  amended by Directive 2008/101/EC and Directive 2009/29/EC and implementing legislation, in particular 2010/2/EU, 2011/278/EU and 2011/638/EU",
          "Effort_Sharing_Decision": "Effort Sharing Decision 406/2009/EC",
          "RES_directive": "RES directive 2009/28/EC",
          "CO2_and_cars_and_vans_regulations": "Regulation on CO2 from cars and vans (2009/443/EC and no. 510/2011)",
          "Recast_of_EPBD": "Recast of the Energy Performance of Buildings Directive (Directive 2010/31/EU)",
          "Eco-design_Labelling_directives": "Eco-design framework directive 2005/32/EC and its implementing regulations, combined with Labelling Directive 2003/66/EC and 2010/30/EC, including implementing measures (1)",
          "F-gas_Regulation": "F-gas Regulation 2006/842/EC",
          "Motor_Vehicles_Directive": "Motor Vehicles Directive 2006/40/EC",
          "Geological_storage": "Directive on the geological storage of CO2 2009/31/EC",
          "Cogeneration_Directive": "Cogeneration Directive 2004/8/EC",
          "End-use_and_energy_services": "Directive 2006/32/EC on end-use energy efficiency and energy services",
          "Energy_Star_Program": "Energy Star Program",
          "Internal_energy_market": "Completion of the internal energy market (including provisions of the 3d package)",
          "Energy_Taxation_Directive": " Energy Taxation Directive 2003/96/EC",
          "IED": "Industrial emissions Directive 2010/75/EU (Recast of IPPC Directive 2008/1/EC and Large Combustion Plant Directive 2001/80/EC)",
          "NEC": "Directive on national emissions' ceilings for certain pollutants 2001/81/EC",
          "Water_Framework": "Water Framework Directive 2000/60/EC",
          "EURO_5_and_6": "Regulation EURO 5 and 6 2007/715/EC",
          "Euro_6_for_HDV": "Regulation Euro VI for heavy duty vehicles 2009/595/EC",
          "FQD": "Fuel Quality Directive 2009/30/EC",
          "Biofuels_directive": "Biofuels directive 2003/30/EC",
          "Landfill_Directive": "Landfill Directive 1999/31/EC",
          "Waste_Directive": "Waste Directive 2006/12/EC",
          "Waste_Management_Framework_Directive": "Waste Management Framework Directive 2008/98/EC",
          "Nitrate_Directive": "Nitrate Directive 1991/676/EEC",
          "CAP_Reform": "Common Agricultural Policy (CAP) Reform 2006/144/EC",
          "CAP_Health_Check_and_Set_aside": "CAP “Health Check” 2008 and the “Set aside” regulation 73/2009",
          "Eurovignette_Directive": "Eurovignette Directive on road infrastructure charging 2011/76/EU",
          "Clean_and_Energy_Efficient_Vehicles": "Directive on the Promotion of Clean and Energy Efficient Road Transport Vehicles 2009/33/EC",
          "Other_EU": "Other (Union policy not listed above or additional Union policy)",
          "Non_EU-related_PAM": "PAM not related to Union policies"
        }
      },
      "ImplementationStatus": {
        "label": "Végrehajtás állása:",
        "list": {
          "Planned": "Tervezett",
          "Adopted": "Elfogadott",
          "Implemented": "Végrehajtott",
          "Expired": "Lejárt (a lejárt szakpolitikákat vagy intézkedéseket csak akkor kell feltüntetni az űrlapon, ha még mindig hatással vannak vagy várhatóan később még hatással lesznek az üvegházhatást okozó gázok kibocsátására)"
        }
      },
      "ImplementationPeriod": {
        "label": "Végrehajtási időszak:",
        "start": "Kezdete",
        "finish": "Vége"
      },
      "ProjectionsScenario": {
        "label": "Forgatókönyv, amelybe a szakpolitika/intézkedés illeszkedik:",
        "list": {
          "WEM": "With existing measures",
          "WAM": "With additional measures"
        }
      },
      "Entities": {
        "label": "A szakpolitika végrehajtásáért felelős szerv:",
        "addMore": "Add Entity",
        "remove": "Remove Entity",
        "current": "Current entity list",
        "type": "Entity type",
        "name": "Entity name:",
        "list": {
          "Government": "nemzeti kormány",
          "Regional": "regionális szervek",
          "Local": "helyi önkormányzatok",
          "Companies": "társaságok/vállalkozások/ipartestületek",
          "Research": "kutatási intézmények",
          "Other": "egyéb"
        }
      },
      "Indicators": {
        "label": "Az előrelépés nyomon követésére és értékelésére szolgáló mutatók:",
        "current": "Current Indicators list",
        "addMore": "Add More",
        "remove": "Remove Indicator",
        "desc": "Leírás",
        "Year": "Év",
        "Value": "Value"
      },
      "Reference": {
        "label": "Hivatkozás az értékelésre és az azt alátámasztó műszaki jelentésre:",
        "Text": "Reference",
        "Url": "URL:"
      },
      "Comments": {
        "label": "Általános észrevételek:"
      }
    },
    "Table2": {
      "PAM": {
        "label": "Group of policies and measures:"
      },
      "PolicyImpact": {
        "label": "A kibocsátáskereskedelmi rendszer vagy a vállaláselosztási határozat hatálya alá eső kibocsátásokat	:",
        "EU_ETS": "EU ETS",
        "ESD": "ESD",
        "LULUCF": "földhasználat, földhasználat-megváltoztatás és erdőgazdálkodás",
        "Total": "Összesen"
      },
      "Exante": {
        "Title": "Előzetes értékelés"
      },
      "ExanteEmissions": {
        "label": "GHG emissions reductions for year:"
      },
      "Expost": {
        "Title": "Utólagos értékelés",
        "Year": "A csökkenés éve:",
        "Average": "Átlagos kibocsátáscsökkenés :",
        "remove": "Remove Entry"
      },
      "ExpostEmissions": {
        "label": "GHG emissions reductions (kt CO2-equivalent per year):"
      },
      "BasisExplanation": {
        "label": "A mérséklődéssel kapcsolatos becslések alapjára vonatkozó magyarázat:"
      },
      "AffectedFactors": {
        "label": "A szakpolitikák/intézkedések által érintett tényezők:"
      },
      "Documentation": {
        "label": "Dokumentáció/A becslés forrása, ha elérhető :",
        "Reference": "Reference:",
        "Weblink": "Weblink:"
      }
    },
    "Table3": {
      "PAM": {
        "label": "Group of policies and measures:"
      },
      "Costs": {
        "Projected": "Várható költség és haszon",
        "Realised": "Tényleges költség és haszon",
        "CostType": "Cost ",
        "BenefitType": "Benefit ",
        "NetCostType": "Net cost ",
        "CostReduced": "Költség EUR/megtakarított/megkötött tonna CO2-egyenértékben:",
        "Benefit": "Benefits in EUR per tonne CO2eq reduced/ sequestered:",
        "NetCost": "Net costs in EUR per tonne CO2eq reduced/ sequestered:",
        "CostPerYear": "Abszolút éves költség EUR-ban:",
        "BenefitPerYear": "Absolute benefit per year in EUR:",
        "NetCostPerYear": "Net Cost per year in EUR:",
        "CostCalculatedYear": "Year for which cost has been calculated:",
        "BenefitCalculatedYear": "Year for which benefits has been calculated:",
        "NetCostCalculatedYear": "Year for which net cost has been calculated:",
        "CostReferenceYear": "Price reference year:",
        "CostDescription": "Költségbecslés ismertetése (alapja, milyen költségtípusokat foglal magában, módszertana):",
        "CostDocumentation": {
          "label": "Dokumentáció/A költségbecslés forrása:",
          "Reference": "Reference:",
          "Weblink": "Weblink:"
        },
        "BenefitDescription": "Description of benefit estimates (basis for benefit estimate, what type of benefits are included in the estimate, methodology):",
        "BenefitDocumentation": {
          "label": "Documentation/ Source of benefit estimation:",
          "Reference": "Reference:",
          "Weblink": "Weblink:"
        }
      }
    }
  }
}